customer_id,age,gender,location,marital_status,dependents,education_level,tenure_months,contract_type,payment_method,paperless_billing,monthly_charges,total_charges,phone_service,multiple_lines,internet_service,online_security,online_backup,device_protection,tech_support,streaming_tv,streaming_movies,data_usage_gb,call_duration_minutes,customer_service_calls,late_payments,payment_failures,contract_renewal_eligible,avg_monthly_download_gb,avg_monthly_upload_gb,customer_satisfaction_score,nps_score,last_interaction_days,churn
CUST-00001,38,Female,Suburban,Married,4,Bachelor,25,Month-to-Month,Bank Transfer,No,108.16,2729.92,Yes,Yes,DSL,No,No,No,Yes,No,No,52.15,265.31,2,0,0,No,99.89,12.68,5.0,-15.0,22,No
CUST-00002,34,Male,Suburban,Single,0,High School,30,One Year,Bank Transfer,Yes,80.24,2476.01,Yes,No,No,No,No,No,No,No,No,0.0,1291.7,2,3,1,Yes,0.0,0.0,2.0,-40.0,124,No
CUST-00003,58,Female,Suburban,Married,0,Master,14,One Year,Bank Transfer,No,76.89,1105.49,Yes,Yes,Fiber,Yes,Yes,No,Yes,No,Yes,149.66,848.85,5,0,1,Yes,86.09,10.35,3.0,36.0,83,No
CUST-00004,68,Male,Suburban,Single,4,Bachelor,43,One Year,Electronic,No,131.21,5557.61,Yes,No,Fiber,No,No,No,Yes,No,No,317.25,409.52,1,1,0,Yes,239.69,42.33,4.0,-50.0,198,No
CUST-00005,35,Female,Suburban,Married,1,Bachelor,28,Two Year,Credit Card,No,26.52,733.1,Yes,No,Fiber,Yes,Yes,No,Yes,Yes,No,441.65,322.47,3,2,1,Yes,86.23,14.46,4.0,-99.0,325,Yes
CUST-00006,74,Male,Suburban,Married,2,High School,19,Month-to-Month,Bank Transfer,No,134.66,2615.78,Yes,No,Fiber,Yes,No,Yes,No,Yes,No,227.42,1161.93,3,0,0,No,115.11,14.13,2.0,72.0,186,Yes
CUST-00007,72,Female,Suburban,Single,2,Bachelor,42,Month-to-Month,Electronic,Yes,130.77,5492.29,Yes,Yes,No,No,No,No,No,No,No,0.0,670.89,3,1,0,No,0.0,0.0,3.0,-69.0,328,No
CUST-00008,54,Male,Suburban,Single,0,Bachelor,20,One Year,Bank Transfer,Yes,85.83,1728.67,Yes,Yes,Fiber,No,No,No,No,No,Yes,73.01,1995.11,1,0,0,No,138.92,30.99,4.0,99.0,91,No
CUST-00009,55,Female,Urban,Single,2,Bachelor,11,Month-to-Month,Mailed Check,No,83.73,940.6,Yes,No,No,No,No,No,No,No,No,0.0,871.21,0,0,0,No,0.0,0.0,4.0,,329,No
CUST-00010,29,Male,Urban,Married,2,High School,54,Two Year,Bank Transfer,Yes,67.03,3720.37,Yes,Yes,Fiber,No,No,No,No,No,No,76.3,503.34,3,1,0,Yes,264.19,46.05,5.0,-4.0,181,No
CUST-00011,28,Female,Urban,Married,2,High School,24,Month-to-Month,Mailed Check,No,149.24,3499.98,Yes,Yes,DSL,No,No,Yes,Yes,Yes,Yes,96.05,1294.81,2,1,2,No,36.63,6.67,5.0,-26.0,226,No
CUST-00012,65,Male,Rural,Single,0,Bachelor,70,One Year,Bank Transfer,No,34.45,2326.46,Yes,No,No,No,No,No,No,No,No,0.0,564.08,2,0,1,Yes,0.0,,3.0,59.0,198,Yes
CUST-00013,69,Male,Urban,Single,5,Bachelor,17,Month-to-Month,Electronic,Yes,96.73,1610.14,No,No,Fiber,Yes,Yes,No,No,No,Yes,154.84,0.0,2,0,0,No,203.02,38.1,5.0,-93.0,234,No
CUST-00014,66,Female,Urban,Single,1,High School,28,One Year,Bank Transfer,No,108.62,3043.61,Yes,Yes,Fiber,Yes,No,No,Yes,Yes,Yes,276.21,1016.89,3,0,0,Yes,210.49,46.74,4.0,-16.0,43,No
CUST-00015,37,Female,Urban,Single,2,Bachelor,50,Month-to-Month,Electronic,Yes,141.46,6961.49,Yes,No,No,No,No,No,No,No,No,0.0,961.76,0,0,1,No,0.0,0.0,5.0,20.0,75,No
CUST-00016,26,Male,Suburban,Married,3,Bachelor,55,Month-to-Month,Credit Card,Yes,121.43,6724.11,Yes,No,DSL,No,Yes,Yes,No,No,Yes,396.68,1612.56,2,0,0,No,61.94,,3.0,-81.0,140,No
CUST-00017,18,Male,Urban,Married,1,Bachelor,10,Month-to-Month,Electronic,No,103.7,990.7,Yes,Yes,Fiber,Yes,Yes,No,No,Yes,No,190.22,511.56,2,0,1,No,177.58,49.73,3.0,92.0,181,No
CUST-00018,20,Male,Suburban,Married,3,Bachelor,21,Month-to-Month,Electronic,No,35.19,739.62,Yes,No,DSL,Yes,No,Yes,No,Yes,Yes,287.92,1818.18,3,0,0,No,23.44,4.55,4.0,48.0,118,Yes
CUST-00019,38,Male,Urban,Divorced,5,Bachelor,58,Two Year,Credit Card,Yes,68.59,3925.44,No,No,Fiber,No,No,Yes,No,Yes,No,311.65,0.0,2,2,0,No,225.76,33.4,5.0,-94.0,39,No
CUST-00020,40,Male,Rural,Divorced,1,High School,34,Month-to-Month,Credit Card,Yes,38.05,1298.16,Yes,Yes,No,No,No,No,No,No,No,0.0,732.93,3,0,0,No,0.0,0.0,5.0,20.0,259,No
CUST-00021,26,Male,Rural,Married,1,High School,43,One Year,Credit Card,Yes,134.56,5741.16,Yes,Yes,No,No,No,No,No,No,No,0.0,443.14,0,3,0,Yes,0.0,0.0,4.0,21.0,243,Yes
CUST-00022,71,Female,Rural,Married,4,Bachelor,11,Two Year,Bank Transfer,Yes,117.45,1264.08,Yes,Yes,Fiber,No,No,No,No,Yes,No,284.65,631.12,2,1,0,Yes,117.43,26.78,3.0,36.0,128,Yes
CUST-00023,36,Female,Urban,Divorced,0,Bachelor,33,Two Year,Electronic,Yes,118.48,4067.83,Yes,No,Fiber,Yes,Yes,No,Yes,Yes,No,334.59,732.01,3,1,0,No,187.21,46.63,4.0,-15.0,5,No
CUST-00024,62,Male,Suburban,Single,0,Bachelor,58,Two Year,Electronic,Yes,104.79,5886.41,Yes,Yes,No,No,No,No,No,No,No,0.0,1158.17,3,1,0,Yes,0.0,0.0,5.0,29.0,310,No
CUST-00025,72,Female,Suburban,Single,4,Master,46,Two Year,Bank Transfer,No,85.92,4023.8,Yes,No,Fiber,No,No,No,No,No,No,66.57,188.1,1,0,0,Yes,185.08,21.01,4.0,46.0,65,Yes
CUST-00026,63,Female,Urban,Single,3,Master,61,One Year,Bank Transfer,No,39.5,2511.58,Yes,Yes,DSL,Yes,No,No,No,No,No,100.23,1837.28,2,1,1,Yes,59.08,7.72,4.0,-41.0,218,No
CUST-00027,69,Male,Urban,Married,5,High School,62,One Year,Mailed Check,Yes,62.86,3912.41,Yes,Yes,Fiber,No,No,Yes,No,Yes,Yes,344.29,287.48,1,3,1,Yes,259.18,33.56,1.0,97.0,145,No
CUST-00028,36,Male,Urban,Married,0,Master,1,Month-to-Month,Electronic,Yes,37.8,39.22,Yes,No,No,No,No,No,No,No,No,0.0,630.62,2,0,0,No,0.0,0.0,4.0,86.0,233,No
CUST-00029,40,Female,Suburban,Married,0,Bachelor,21,Month-to-Month,Bank Transfer,No,114.24,2309.01,No,No,No,No,No,No,No,No,No,0.0,0.0,2,0,0,No,0.0,0.0,4.0,-32.0,28,No
CUST-00030,44,Male,Urban,Married,0,Bachelor,62,Two Year,Credit Card,No,40.83,2529.87,Yes,No,Fiber,Yes,No,No,Yes,Yes,Yes,489.95,587.68,1,1,0,Yes,193.91,52.53,5.0,-56.0,308,No
CUST-00031,44,Male,Suburban,Married,2,PhD,64,One Year,Credit Card,No,111.27,7090.98,Yes,No,No,No,No,No,No,No,No,0.0,1691.58,0,1,1,No,0.0,0.0,4.0,-39.0,160,No
CUST-00032,56,Female,Suburban,Single,2,Master,56,One Year,Electronic,Yes,109.99,5856.64,Yes,Yes,DSL,No,Yes,Yes,No,No,No,208.35,1268.83,1,1,0,Yes,97.17,16.87,4.0,37.0,130,No
CUST-00033,53,Female,Suburban,Single,1,PhD,1,One Year,Credit Card,Yes,79.71,79.26,Yes,No,DSL,No,No,Yes,No,No,Yes,189.26,531.91,3,1,0,No,55.14,6.28,5.0,22.0,147,No
CUST-00034,29,Male,Rural,Single,0,High School,21,Month-to-Month,Electronic,Yes,37.58,778.84,Yes,Yes,No,No,No,No,No,No,No,0.0,1756.34,2,2,0,No,0.0,0.0,2.0,92.0,81,Yes
CUST-00035,72,Female,Suburban,Single,2,High School,22,Two Year,Electronic,No,60.92,1363.09,Yes,No,DSL,No,Yes,No,Yes,Yes,No,142.69,1621.35,3,1,0,Yes,71.47,8.81,3.0,-75.0,360,No
CUST-00036,44,Female,Suburban,Married,2,Bachelor,54,One Year,Credit Card,Yes,61.61,3472.89,Yes,No,DSL,No,No,No,Yes,No,No,235.4,1531.93,0,0,1,No,78.11,19.42,4.0,87.0,341,No
CUST-00037,63,Female,Suburban,Married,0,Bachelor,4,Month-to-Month,Bank Transfer,Yes,111.05,425.8,No,No,Fiber,Yes,No,No,No,No,No,93.62,0.0,3,1,0,No,212.65,55.41,3.0,-83.0,82,No
CUST-00038,51,Female,Urban,Married,4,High School,65,Two Year,Bank Transfer,Yes,34.79,2222.12,Yes,Yes,Fiber,Yes,No,No,No,No,Yes,260.63,1277.33,2,2,1,Yes,243.21,50.78,3.0,-42.0,72,No
CUST-00039,50,Male,Urban,Married,0,Master,51,Month-to-Month,Credit Card,Yes,127.78,6480.27,Yes,No,Fiber,No,Yes,No,Yes,No,No,428.7,1052.73,2,1,0,No,203.24,26.4,5.0,48.0,354,No
CUST-00040,45,Female,Rural,Married,2,Bachelor,63,Two Year,Credit Card,No,118.93,7459.07,Yes,No,DSL,Yes,Yes,Yes,No,No,Yes,152.02,810.48,0,0,0,No,52.53,13.52,4.0,-55.0,213,No
CUST-00041,48,Male,Rural,Married,3,Bachelor,15,One Year,Credit Card,Yes,44.22,681.53,Yes,Yes,No,No,No,No,No,No,No,0.0,525.15,0,1,0,Yes,0.0,0.0,2.0,-89.0,25,Yes
CUST-00042,49,Male,Suburban,Married,2,Bachelor,36,Month-to-Month,Mailed Check,No,113.49,4062.56,Yes,No,No,No,No,No,No,No,No,0.0,1159.08,1,0,0,No,0.0,0.0,3.0,12.0,289,No
CUST-00043,67,Male,Urban,Married,0,Bachelor,29,Two Year,Credit Card,Yes,106.91,2953.7,Yes,No,Fiber,Yes,No,No,No,No,Yes,36.48,1790.04,2,1,0,Yes,88.54,17.19,1.0,59.0,70,Yes
CUST-00044,37,Male,Urban,Married,1,High School,52,One Year,Electronic,Yes,117.26,6225.4,Yes,Yes,Fiber,No,Yes,Yes,No,Yes,Yes,378.21,1228.57,3,1,0,Yes,121.87,34.68,4.0,66.0,349,No
CUST-00045,57,Male,Urban,Married,3,PhD,46,Month-to-Month,Electronic,Yes,44.56,2128.67,Yes,Yes,Fiber,Yes,No,No,No,No,No,127.67,1847.25,2,1,0,No,203.66,32.48,2.0,82.0,176,Yes
CUST-00046,52,Male,Rural,Married,0,Bachelor,69,Month-to-Month,Credit Card,Yes,40.49,2797.47,Yes,No,Fiber,No,Yes,Yes,Yes,Yes,No,87.66,778.14,0,0,1,No,96.3,27.07,5.0,-46.0,88,No
CUST-00047,48,Male,Suburban,Single,2,High School,29,Two Year,Credit Card,Yes,50.74,1483.48,Yes,Yes,Fiber,No,Yes,No,Yes,No,No,300.56,1420.76,2,2,0,Yes,277.2,30.69,4.0,-91.0,176,No
CUST-00048,48,Female,Rural,Married,5,Master,47,Month-to-Month,Electronic,No,67.56,3068.44,Yes,Yes,Fiber,No,No,Yes,No,Yes,No,352.8,1332.46,1,1,2,No,152.76,17.83,1.0,-66.0,26,No
CUST-00049,55,Male,Suburban,Married,5,PhD,25,Two Year,Bank Transfer,No,123.18,2993.39,No,No,DSL,No,No,No,No,No,No,197.38,0.0,3,2,0,Yes,59.1,14.17,3.0,-21.0,288,No
CUST-00050,39,Female,Urban,Single,1,Master,16,Month-to-Month,Bank Transfer,Yes,115.93,1805.76,Yes,No,DSL,No,No,Yes,No,Yes,Yes,19.59,1325.58,1,2,1,No,79.54,10.99,4.0,-95.0,327,No
CUST-00051,62,Male,Urban,Divorced,3,Master,41,One Year,Bank Transfer,Yes,140.31,5712.82,Yes,No,Fiber,Yes,No,No,No,Yes,No,454.35,521.14,4,1,1,Yes,128.29,20.95,3.0,26.0,304,No
CUST-00052,58,Male,Urban,Single,5,Bachelor,65,Two Year,Electronic,No,27.62,1872.29,Yes,Yes,Fiber,No,No,No,No,No,Yes,365.37,372.82,3,1,0,No,64.81,,4.0,-33.0,62,No
CUST-00053,26,Male,Suburban,Single,1,Master,69,Month-to-Month,Credit Card,Yes,21.5,1486.89,Yes,No,Fiber,Yes,No,No,No,No,Yes,135.83,1959.39,2,0,2,No,114.44,19.05,5.0,89.0,18,No
CUST-00054,69,Male,Urban,Single,0,High School,20,One Year,Mailed Check,Yes,110.89,2149.48,Yes,No,Fiber,No,No,No,No,Yes,No,,186.06,1,0,0,Yes,172.58,26.94,3.0,-92.0,277,No
CUST-00055,26,Female,Suburban,Married,0,Master,69,Two Year,Bank Transfer,Yes,56.31,3794.33,Yes,Yes,Fiber,No,Yes,Yes,No,Yes,Yes,13.9,988.7,0,0,1,No,286.53,70.85,3.0,56.0,345,Yes
CUST-00056,32,Male,Suburban,Married,0,Bachelor,36,Two Year,Electronic,No,63.43,2257.0,Yes,No,Fiber,No,No,Yes,No,Yes,Yes,169.64,907.65,6,0,1,No,,35.39,5.0,-30.0,66,No
CUST-00057,30,Female,Urban,Married,3,High School,58,One Year,Electronic,Yes,91.08,5348.0,Yes,No,DSL,Yes,Yes,No,No,No,Yes,261.27,784.04,5,1,0,Yes,79.48,23.13,3.0,,237,No
CUST-00058,39,Female,Urban,Married,2,Bachelor,48,One Year,Credit Card,Yes,33.31,1589.47,Yes,No,Fiber,Yes,No,No,Yes,No,Yes,258.61,1585.77,1,1,0,No,156.93,38.43,1.0,-57.0,136,No
CUST-00059,33,Male,Urban,Single,3,Bachelor,2,Two Year,Credit Card,Yes,103.55,204.87,Yes,No,Fiber,No,Yes,Yes,No,No,No,,1516.17,2,0,0,No,61.7,14.74,2.0,-37.0,162,Yes
CUST-00060,49,Female,Suburban,Single,3,Bachelor,29,Two Year,Bank Transfer,Yes,62.27,1817.49,Yes,Yes,Fiber,Yes,No,No,No,Yes,No,388.37,1819.93,3,1,0,Yes,175.88,42.01,5.0,-34.0,326,No
CUST-00061,19,Male,Suburban,Single,2,High School,16,Two Year,Mailed Check,Yes,102.25,1593.81,Yes,No,Fiber,No,No,Yes,No,Yes,No,149.43,851.43,3,0,0,Yes,66.48,18.39,5.0,-57.0,334,No
CUST-00062,43,Female,Urban,Married,2,Master,35,Month-to-Month,Credit Card,No,128.42,4305.46,Yes,No,Fiber,No,Yes,Yes,Yes,No,No,290.21,1171.94,8,1,0,No,270.92,43.14,3.0,15.0,292,Yes
CUST-00063,31,Female,Rural,Married,0,High School,62,Two Year,Electronic,No,42.24,2494.59,Yes,No,No,No,No,No,No,No,No,0.0,1795.38,2,1,0,Yes,0.0,0.0,4.0,41.0,27,Yes
CUST-00064,55,Male,Suburban,Single,3,Bachelor,4,Month-to-Month,Bank Transfer,Yes,141.01,550.02,Yes,No,Fiber,Yes,Yes,No,No,No,No,212.58,1988.31,3,1,2,No,144.66,35.91,2.0,36.0,255,Yes
CUST-00065,51,Male,Suburban,Single,1,Master,68,Month-to-Month,Electronic,Yes,88.99,5804.14,Yes,Yes,Fiber,No,Yes,No,No,Yes,No,103.76,1941.66,2,1,0,No,,,4.0,50.0,290,No
CUST-00066,25,Male,Suburban,Single,2,Bachelor,51,Month-to-Month,Mailed Check,No,139.98,7022.17,Yes,Yes,No,No,No,No,No,No,No,0.0,1463.9,1,0,0,No,0.0,0.0,2.0,-44.0,111,Yes
CUST-00067,53,Male,Rural,Married,0,Bachelor,33,Month-to-Month,Bank Transfer,No,47.0,1593.5,Yes,Yes,Fiber,Yes,No,No,No,No,No,212.79,372.13,2,1,0,No,225.64,46.7,1.0,-44.0,239,Yes
CUST-00068,38,Female,Suburban,Single,4,High School,24,Month-to-Month,Mailed Check,Yes,98.59,2417.42,Yes,No,Fiber,Yes,No,Yes,No,Yes,No,8.06,144.05,1,0,1,No,255.68,40.92,5.0,42.0,242,Yes
CUST-00069,73,Male,Urban,Single,4,Bachelor,25,Month-to-Month,Electronic,Yes,72.51,1832.74,No,No,DSL,Yes,No,No,No,No,No,14.08,0.0,0,0,0,No,14.55,3.71,3.0,91.0,152,Yes
CUST-00070,63,Male,Urban,Married,1,PhD,28,Month-to-Month,Electronic,Yes,120.65,3497.25,Yes,No,Fiber,Yes,No,No,No,No,No,235.57,1697.79,2,1,1,No,121.07,19.67,,-94.0,264,Yes
CUST-00071,60,Male,Suburban,Married,2,Master,7,One Year,Credit Card,Yes,98.77,676.31,Yes,Yes,Fiber,No,No,Yes,Yes,Yes,Yes,91.61,1518.09,4,1,0,No,115.94,33.93,5.0,47.0,51,Yes
CUST-00072,73,Female,Suburban,Married,2,Master,36,Month-to-Month,Credit Card,Yes,84.29,3151.17,Yes,No,Fiber,No,No,Yes,No,Yes,No,292.52,631.85,1,1,0,No,180.35,53.49,4.0,91.0,264,No
CUST-00073,45,Male,Suburban,Married,0,High School,10,Month-to-Month,Electronic,No,138.69,1372.91,Yes,Yes,Fiber,No,Yes,No,No,No,No,204.1,1315.65,1,1,0,No,291.94,68.13,4.0,-82.0,53,Yes
CUST-00074,63,Female,Rural,Married,0,High School,36,Month-to-Month,Mailed Check,Yes,69.03,2460.28,Yes,No,No,No,No,No,No,No,No,0.0,700.87,1,0,0,No,0.0,0.0,5.0,33.0,132,No
CUST-00075,61,Female,Rural,Married,2,High School,18,Month-to-Month,Bank Transfer,No,48.6,866.47,No,No,DSL,Yes,Yes,Yes,No,No,No,476.2,0.0,6,2,0,No,10.18,1.55,4.0,78.0,190,No
CUST-00076,65,Female,Urban,Divorced,0,Bachelor,6,Month-to-Month,Bank Transfer,No,99.05,570.43,Yes,No,Fiber,No,No,Yes,No,Yes,Yes,264.37,826.63,1,0,0,No,244.96,49.75,2.0,,123,Yes
CUST-00077,23,Female,Urban,Single,1,High School,7,One Year,Electronic,No,101.12,741.52,Yes,No,Fiber,No,Yes,Yes,No,Yes,Yes,393.69,1835.92,1,1,0,No,280.33,75.77,1.0,92.0,217,Yes
CUST-00078,37,Male,Urban,Married,1,High School,12,Two Year,Bank Transfer,Yes,77.08,891.55,Yes,Yes,Fiber,No,Yes,No,No,Yes,Yes,376.52,544.9,1,3,0,No,115.23,15.78,3.0,-30.0,364,Yes
CUST-00079,48,Male,Suburban,Married,1,Bachelor,41,Two Year,Bank Transfer,Yes,83.26,3359.32,Yes,Yes,No,No,No,No,No,No,No,0.0,1197.46,3,2,0,No,0.0,0.0,2.0,-76.0,321,No
CUST-00080,50,Female,Urban,Single,0,Bachelor,63,Two Year,Credit Card,No,144.74,8953.97,Yes,No,DSL,No,Yes,No,No,Yes,Yes,107.01,785.86,3,1,0,No,54.54,6.27,4.0,,300,No
CUST-00081,61,Female,Urban,Married,1,Bachelor,25,Month-to-Month,Mailed Check,No,115.25,2758.68,Yes,No,DSL,No,No,No,Yes,Yes,Yes,413.66,1359.84,5,0,0,No,41.86,8.43,1.0,50.0,70,Yes
CUST-00082,24,Female,Urban,Single,1,Master,53,Month-to-Month,Electronic,No,34.38,1758.69,Yes,Yes,Fiber,Yes,Yes,Yes,Yes,No,No,452.76,1172.67,2,2,0,No,99.71,27.61,3.0,85.0,213,Yes
CUST-00083,25,Male,Urban,Married,1,Bachelor,33,Month-to-Month,Electronic,Yes,47.58,1498.58,Yes,No,Fiber,No,Yes,No,Yes,No,No,196.38,1855.56,1,2,0,No,176.77,19.17,2.0,-90.0,361,Yes
CUST-00084,26,Male,Urban,Married,2,Master,6,Two Year,Electronic,Yes,146.82,862.66,Yes,Yes,Fiber,No,Yes,Yes,Yes,No,No,156.91,293.06,2,0,1,No,260.83,37.16,3.0,61.0,32,No
CUST-00085,19,Female,Urban,Single,4,Master,62,Month-to-Month,Bank Transfer,No,114.44,7355.47,Yes,Yes,No,No,No,No,No,No,No,0.0,519.22,5,0,0,No,0.0,0.0,4.0,,335,Yes
CUST-00086,34,Male,Suburban,Married,0,Bachelor,66,One Year,Credit Card,Yes,138.96,9023.84,Yes,Yes,DSL,No,No,No,No,No,No,313.82,1556.06,5,0,0,No,79.42,21.06,3.0,65.0,170,No
CUST-00087,69,Male,Urban,Married,3,High School,9,Month-to-Month,Electronic,Yes,59.5,515.37,Yes,No,Fiber,No,Yes,Yes,Yes,Yes,No,190.34,800.69,3,1,1,No,112.94,29.53,3.0,17.0,343,Yes
CUST-00088,62,Male,Urban,Married,0,High School,67,Month-to-Month,Electronic,Yes,116.44,7915.33,Yes,Yes,Fiber,No,Yes,No,No,Yes,No,395.91,414.99,2,0,0,No,190.72,49.02,5.0,13.0,349,Yes
CUST-00089,54,Female,Rural,Married,2,Bachelor,16,Two Year,Electronic,Yes,112.82,1894.77,Yes,Yes,No,No,No,No,No,No,No,0.0,1056.31,6,5,1,Yes,0.0,0.0,4.0,73.0,300,Yes
CUST-00090,59,Male,Rural,Single,1,Bachelor,55,Two Year,Electronic,Yes,58.31,3121.19,Yes,Yes,No,No,No,No,No,No,No,0.0,1339.07,3,2,0,Yes,0.0,0.0,4.0,39.0,290,No
CUST-00091,61,Male,Urban,Married,2,Master,40,Two Year,Credit Card,Yes,91.61,3583.47,Yes,Yes,Fiber,No,No,No,Yes,No,No,271.98,185.17,1,0,1,Yes,69.25,20.56,4.0,-92.0,236,No
CUST-00092,34,Female,Urban,Divorced,2,PhD,26,One Year,Electronic,Yes,101.56,2765.26,Yes,No,Fiber,No,No,Yes,Yes,Yes,No,283.11,654.08,3,0,1,Yes,238.42,71.0,,40.0,336,No
CUST-00093,70,Male,Suburban,Single,1,High School,38,Two Year,Electronic,No,82.55,3036.03,Yes,Yes,DSL,Yes,No,Yes,Yes,No,No,412.87,1637.9,1,2,0,Yes,50.35,11.1,1.0,91.0,101,Yes
CUST-00094,55,Female,Urban,Married,1,PhD,35,One Year,Bank Transfer,Yes,127.53,4468.67,Yes,Yes,Fiber,No,Yes,No,Yes,Yes,Yes,228.51,1088.46,3,2,0,Yes,177.63,42.96,2.0,-81.0,9,Yes
CUST-00095,52,Female,Urban,Married,3,Bachelor,68,Two Year,Credit Card,Yes,128.27,8495.47,No,No,Fiber,No,No,No,No,No,Yes,407.29,0.0,1,1,1,Yes,229.71,66.67,4.0,-42.0,40,No
CUST-00096,64,Male,Urban,Married,0,Master,59,Month-to-Month,Bank Transfer,No,130.58,8037.19,No,No,Fiber,No,No,No,No,No,No,155.66,0.0,4,1,1,No,278.5,52.91,3.0,-16.0,125,Yes
CUST-00097,56,Female,Urban,Single,0,High School,14,One Year,Electronic,Yes,124.45,1826.12,Yes,Yes,Fiber,Yes,Yes,No,Yes,Yes,Yes,287.68,1314.37,1,2,0,Yes,210.66,26.83,1.0,49.0,272,Yes
CUST-00098,47,Female,Suburban,Married,0,High School,47,One Year,Credit Card,Yes,83.45,4045.62,Yes,No,Fiber,No,Yes,No,No,No,Yes,104.24,478.78,0,1,0,Yes,218.58,51.1,3.0,-36.0,326,No
CUST-00099,23,Male,Rural,Married,0,Bachelor,71,Month-to-Month,Credit Card,No,69.59,4849.17,Yes,No,Fiber,Yes,Yes,No,No,No,Yes,192.72,1672.04,3,1,0,No,230.35,67.27,2.0,-41.0,10,Yes
CUST-00100,21,Male,Suburban,Divorced,1,Master,72,Two Year,Electronic,No,128.08,9132.68,Yes,No,Fiber,No,Yes,Yes,No,No,No,428.77,1385.49,1,1,2,Yes,115.13,27.57,5.0,24.0,318,No
CUST-00101,68,Female,Suburban,Single,1,High School,42,Two Year,Electronic,Yes,83.73,3425.88,Yes,Yes,DSL,Yes,Yes,No,Yes,No,No,107.99,995.62,0,0,0,No,44.04,11.48,3.0,-60.0,194,No
CUST-00102,54,Male,Urban,Divorced,0,High School,51,One Year,Bank Transfer,Yes,52.03,2757.13,Yes,No,DSL,No,Yes,No,No,No,No,405.12,1839.69,3,2,0,No,32.75,6.04,2.0,-20.0,19,Yes
CUST-00103,52,Female,Suburban,Married,0,Master,19,Month-to-Month,Mailed Check,No,85.95,1700.84,Yes,No,DSL,Yes,No,No,No,Yes,No,141.44,844.42,1,3,0,No,92.05,10.98,4.0,72.0,272,No
CUST-00104,74,Female,Urban,Single,2,Master,66,One Year,Electronic,Yes,38.44,2516.49,No,No,No,No,No,No,No,No,No,0.0,0.0,1,0,0,Yes,0.0,0.0,4.0,-97.0,234,Yes
CUST-00105,26,Male,Urban,Married,3,High School,47,Two Year,Electronic,No,109.91,5246.72,Yes,Yes,DSL,No,No,Yes,No,Yes,No,54.97,1356.67,2,1,2,No,94.86,28.13,4.0,-31.0,226,Yes
CUST-00106,23,Female,Suburban,Married,5,Master,65,One Year,Mailed Check,No,63.67,4000.12,Yes,Yes,No,No,No,No,No,No,No,0.0,1189.26,2,0,0,Yes,0.0,0.0,3.0,72.0,226,No
CUST-00107,30,Male,Rural,Single,4,Bachelor,42,Month-to-Month,Electronic,No,53.89,2248.47,Yes,No,DSL,No,Yes,No,No,No,Yes,131.04,736.97,3,0,0,No,99.34,10.17,4.0,85.0,353,Yes
CUST-00108,39,Female,Urban,Single,4,Bachelor,38,One Year,Credit Card,Yes,144.35,5557.28,Yes,No,Fiber,No,No,No,No,Yes,Yes,327.07,752.96,1,0,0,Yes,150.46,43.8,4.0,-18.0,340,No
CUST-00109,45,Male,Rural,Divorced,3,Bachelor,13,Month-to-Month,Mailed Check,Yes,120.99,1554.9,Yes,No,No,No,No,No,No,No,No,0.0,856.6,1,1,0,No,0.0,0.0,3.0,-7.0,271,No
CUST-00110,47,Female,Urban,Divorced,2,Bachelor,44,Two Year,Mailed Check,No,122.32,5305.4,No,No,Fiber,Yes,Yes,No,Yes,Yes,Yes,,0.0,3,0,0,No,170.58,45.59,3.0,50.0,278,Yes
CUST-00111,69,Female,Urban,Single,0,Bachelor,24,Month-to-Month,Credit Card,Yes,101.08,2304.95,Yes,Yes,DSL,No,Yes,No,Yes,Yes,No,237.46,1449.46,3,3,0,No,54.7,11.47,5.0,59.0,123,Yes
CUST-00112,53,Female,Urban,Single,2,Bachelor,30,One Year,Electronic,Yes,129.09,3990.62,Yes,No,DSL,Yes,Yes,No,No,Yes,No,201.88,1337.58,1,0,1,Yes,76.37,9.19,2.0,-38.0,194,No
CUST-00113,19,Female,Suburban,Married,0,Bachelor,70,Two Year,Electronic,No,118.69,8631.86,Yes,No,No,No,No,No,No,No,No,0.0,937.48,2,0,1,Yes,0.0,0.0,3.0,-93.0,70,No
CUST-00114,53,Female,Rural,Married,3,Master,38,Month-to-Month,Bank Transfer,Yes,97.84,3892.49,Yes,Yes,Fiber,No,Yes,No,Yes,Yes,No,159.97,855.92,2,0,0,No,299.44,89.68,2.0,19.0,231,No
CUST-00115,25,Male,Suburban,Single,1,Master,23,Month-to-Month,Mailed Check,Yes,144.95,3406.86,Yes,Yes,Fiber,Yes,Yes,No,No,No,Yes,91.66,793.6,0,0,0,No,86.74,9.28,1.0,-16.0,172,Yes
CUST-00116,62,Female,Urban,Divorced,2,Bachelor,57,Month-to-Month,Credit Card,No,44.91,2572.21,No,No,Fiber,No,Yes,No,No,Yes,Yes,182.8,0.0,1,4,0,No,234.18,62.84,3.0,-10.0,202,Yes
CUST-00117,59,Female,Urban,Single,0,High School,23,Month-to-Month,Bank Transfer,Yes,142.64,3205.01,Yes,No,Fiber,Yes,Yes,Yes,Yes,No,No,334.76,262.82,2,3,1,No,84.72,12.46,1.0,52.0,32,Yes
CUST-00118,67,Female,Suburban,Married,1,Bachelor,36,Month-to-Month,Bank Transfer,Yes,72.19,2728.49,Yes,No,DSL,No,No,No,No,No,Yes,348.68,609.59,2,0,1,No,49.87,8.92,2.0,60.0,210,No
CUST-00119,26,Female,Urban,Married,1,Master,57,Two Year,Bank Transfer,Yes,88.69,5100.81,No,No,Fiber,No,Yes,No,No,Yes,Yes,462.03,0.0,1,1,0,No,199.11,34.75,3.0,93.0,300,No
CUST-00120,18,Male,Urban,Married,0,Bachelor,1,Two Year,Bank Transfer,No,35.96,36.61,Yes,No,Fiber,No,Yes,No,No,No,No,440.88,1140.6,3,3,0,No,284.54,79.6,1.0,15.0,181,No
CUST-00121,30,Male,Rural,Single,1,Bachelor,72,Two Year,Bank Transfer,Yes,90.21,6613.89,Yes,Yes,DSL,No,No,No,No,No,No,144.16,1570.2,4,1,1,No,48.93,9.83,4.0,5.0,240,No
CUST-00122,67,Male,Suburban,Married,0,High School,3,Two Year,Credit Card,Yes,99.46,308.67,No,No,Fiber,No,No,Yes,Yes,No,No,227.58,0.0,0,1,1,No,68.72,13.02,4.0,43.0,50,Yes
CUST-00123,32,Female,Urban,Divorced,1,Bachelor,14,Month-to-Month,Electronic,No,149.7,1993.05,Yes,No,No,No,No,No,No,No,No,0.0,1895.04,3,5,0,No,0.0,0.0,3.0,82.0,342,Yes
CUST-00124,49,Male,Urban,Married,1,Bachelor,34,Month-to-Month,Bank Transfer,No,146.78,4850.74,Yes,No,No,No,No,No,No,No,No,0.0,1671.96,2,1,1,No,0.0,0.0,5.0,63.0,28,Yes
CUST-00125,51,Female,Urban,Married,3,Master,70,Month-to-Month,Credit Card,Yes,145.63,10362.96,Yes,No,DSL,No,Yes,No,No,No,No,168.58,1971.12,2,1,0,No,76.91,9.02,,-29.0,5,No
CUST-00126,60,Male,Suburban,Single,1,Bachelor,69,Two Year,Electronic,No,65.29,4683.06,Yes,Yes,DSL,No,Yes,Yes,Yes,Yes,Yes,222.22,1764.79,4,1,1,Yes,78.48,8.19,4.0,-21.0,132,No
CUST-00127,48,Male,Rural,Divorced,1,Bachelor,51,One Year,Bank Transfer,Yes,148.86,7732.81,Yes,No,No,No,No,No,No,No,No,0.0,1271.78,0,2,0,Yes,0.0,0.0,2.0,-94.0,95,Yes
CUST-00128,31,Male,Suburban,Divorced,5,Bachelor,29,Month-to-Month,Bank Transfer,No,79.21,2277.28,Yes,No,DSL,Yes,No,Yes,No,Yes,Yes,179.24,1237.11,3,0,0,No,75.38,15.46,5.0,-32.0,345,Yes
CUST-00129,71,Male,Urban,Married,2,Master,48,Month-to-Month,Mailed Check,Yes,130.74,6188.58,Yes,No,DSL,Yes,Yes,No,Yes,Yes,No,240.26,346.1,1,2,0,No,15.31,4.21,5.0,-14.0,81,Yes
CUST-00130,64,Female,Urban,Married,1,Bachelor,16,One Year,Electronic,Yes,48.12,788.27,Yes,Yes,No,No,No,No,No,No,No,0.0,1472.56,1,1,0,Yes,0.0,0.0,3.0,-93.0,276,Yes
CUST-00131,31,Male,Rural,Divorced,1,Bachelor,57,One Year,Credit Card,No,85.76,5006.15,Yes,No,DSL,No,Yes,Yes,No,Yes,No,401.12,1240.39,2,1,0,Yes,80.47,11.62,4.0,30.0,314,No
CUST-00132,65,Male,Rural,Single,3,Bachelor,10,Two Year,Electronic,Yes,145.58,1471.4,Yes,No,Fiber,Yes,No,No,Yes,Yes,No,121.72,1063.17,2,0,1,Yes,246.34,64.3,4.0,62.0,216,No
CUST-00133,72,Male,Suburban,Married,1,Master,19,Month-to-Month,Mailed Check,Yes,143.11,2662.46,Yes,Yes,Fiber,No,Yes,Yes,No,No,Yes,162.4,1417.25,1,0,1,No,54.0,8.58,3.0,13.0,279,Yes
CUST-00134,46,Female,Urban,Married,1,High School,67,Two Year,Electronic,Yes,108.89,7605.5,Yes,Yes,No,No,No,No,No,No,No,0.0,943.69,0,1,0,Yes,0.0,0.0,4.0,-65.0,130,No
CUST-00135,64,Female,Suburban,Married,3,Bachelor,36,Month-to-Month,Bank Transfer,No,123.72,4476.88,Yes,No,DSL,No,No,Yes,Yes,Yes,No,456.37,1095.33,3,1,0,No,74.11,11.12,2.0,-1.0,85,Yes
CUST-00136,36,Male,Rural,Married,0,Master,4,One Year,Bank Transfer,Yes,42.94,176.73,Yes,Yes,No,No,No,No,No,No,No,0.0,856.87,5,3,1,No,0.0,0.0,,-22.0,327,Yes
CUST-00137,44,Female,Suburban,Married,3,PhD,33,Two Year,Credit Card,Yes,113.82,3648.61,Yes,Yes,Fiber,Yes,Yes,No,Yes,Yes,No,387.0,1463.0,0,2,0,Yes,135.58,26.93,1.0,-71.0,312,Yes
CUST-00138,26,Male,Suburban,Single,1,Bachelor,28,Two Year,Mailed Check,Yes,100.35,2765.89,Yes,No,Fiber,No,No,No,Yes,Yes,Yes,242.16,1765.56,1,2,0,No,136.09,14.98,4.0,-86.0,92,No
CUST-00139,54,Male,Urban,Single,2,PhD,9,Month-to-Month,Bank Transfer,Yes,31.9,297.87,Yes,No,DSL,No,No,Yes,No,Yes,No,5.09,1697.61,0,2,1,No,97.11,10.42,4.0,95.0,70,Yes
CUST-00140,54,Female,Urban,Single,3,Bachelor,6,Month-to-Month,Electronic,Yes,34.71,198.89,Yes,No,DSL,No,Yes,Yes,Yes,No,Yes,348.74,1593.45,1,3,1,No,93.64,18.65,5.0,-14.0,325,Yes
CUST-00141,60,Male,Urban,Married,0,Bachelor,49,One Year,Electronic,Yes,34.1,1672.84,Yes,Yes,Fiber,No,No,No,No,No,No,194.68,126.2,3,1,0,Yes,211.67,30.27,4.0,-43.0,325,Yes
CUST-00142,45,Female,Rural,Single,3,Bachelor,22,Month-to-Month,Electronic,Yes,114.17,2507.07,No,No,Fiber,Yes,No,Yes,No,No,Yes,316.49,0.0,0,2,1,No,75.33,7.67,3.0,55.0,331,Yes
CUST-00143,69,Male,Suburban,Single,5,High School,48,One Year,Electronic,Yes,38.42,1890.64,Yes,Yes,No,No,No,No,No,No,No,0.0,622.26,1,0,0,Yes,0.0,0.0,1.0,69.0,190,Yes
CUST-00144,74,Female,Suburban,Married,1,Bachelor,21,Two Year,Bank Transfer,No,80.81,1659.9,No,No,Fiber,Yes,Yes,No,No,No,Yes,240.42,0.0,3,1,0,No,216.77,42.37,5.0,,213,No
CUST-00145,41,Male,Urban,Divorced,4,Bachelor,33,Month-to-Month,Mailed Check,No,66.41,2129.89,Yes,Yes,Fiber,No,No,No,No,No,No,472.19,474.24,1,1,0,No,173.38,31.01,4.0,45.0,46,Yes
CUST-00146,45,Female,Rural,Divorced,0,Master,56,One Year,Electronic,No,91.57,5346.18,Yes,No,Fiber,Yes,Yes,Yes,No,Yes,Yes,11.57,935.33,1,0,2,Yes,218.59,27.78,4.0,32.0,217,No
CUST-00147,53,Female,Rural,Divorced,3,Master,29,Month-to-Month,Credit Card,Yes,111.84,3266.67,Yes,Yes,Fiber,No,Yes,Yes,Yes,No,Yes,356.07,1523.86,3,0,0,No,254.07,54.86,1.0,36.0,88,Yes
CUST-00148,69,Male,Urban,Married,1,Bachelor,53,Two Year,Credit Card,No,109.01,5549.34,Yes,Yes,Fiber,Yes,Yes,Yes,No,No,No,204.92,1316.53,1,0,1,Yes,221.45,53.61,4.0,1.0,274,No
CUST-00149,35,Female,Rural,Single,1,Bachelor,40,Two Year,Electronic,Yes,87.02,3373.86,Yes,Yes,DSL,No,No,No,No,Yes,Yes,356.9,890.25,2,1,0,Yes,83.66,19.67,3.0,14.0,226,No
CUST-00150,42,Male,Urban,Divorced,0,High School,18,One Year,Credit Card,No,80.36,1518.7,Yes,No,No,No,No,No,No,No,No,0.0,1389.39,3,1,0,Yes,0.0,0.0,1.0,36.0,216,Yes
CUST-00151,52,Female,Urban,Married,1,Bachelor,47,Month-to-Month,Electronic,Yes,71.72,3268.05,Yes,No,Fiber,No,No,No,No,Yes,Yes,5.12,1143.0,3,6,0,No,,35.09,4.0,,239,Yes
CUST-00152,21,Male,Urban,Married,0,Bachelor,13,Two Year,Credit Card,Yes,132.05,1735.59,Yes,No,Fiber,No,Yes,No,No,Yes,No,142.67,623.9,2,2,0,Yes,147.22,29.43,4.0,83.0,300,Yes
CUST-00153,31,Male,Rural,Married,4,Bachelor,27,One Year,Bank Transfer,Yes,63.01,1687.7,Yes,Yes,Fiber,Yes,Yes,Yes,Yes,No,Yes,94.55,1328.03,4,1,0,Yes,93.31,25.95,3.0,42.0,340,Yes
CUST-00154,56,Female,Rural,Married,3,Bachelor,62,Month-to-Month,Bank Transfer,Yes,53.72,3458.91,Yes,Yes,Fiber,Yes,No,No,No,No,Yes,83.49,488.07,1,2,0,No,254.47,49.3,5.0,-23.0,169,No
CUST-00155,43,Male,Urban,Married,0,Bachelor,45,Two Year,Electronic,No,116.63,5382.32,Yes,Yes,DSL,No,No,Yes,No,Yes,No,364.24,1418.58,0,0,2,No,14.52,2.02,3.0,-39.0,364,Yes
CUST-00156,25,Female,Suburban,Single,0,Master,3,Two Year,Bank Transfer,No,66.77,202.25,Yes,No,DSL,Yes,Yes,Yes,No,No,Yes,119.78,105.91,3,1,0,No,,6.34,1.0,62.0,231,Yes
CUST-00157,41,Male,Suburban,Married,3,Master,22,One Year,Bank Transfer,No,130.11,2722.37,Yes,Yes,No,No,No,No,No,No,No,0.0,1142.67,2,0,0,No,0.0,0.0,5.0,-61.0,107,No
CUST-00158,33,Male,Rural,Single,1,Bachelor,27,One Year,Bank Transfer,No,62.63,1755.11,No,No,DSL,No,Yes,Yes,No,Yes,No,123.49,0.0,4,1,2,Yes,81.14,20.17,3.0,78.0,327,Yes
CUST-00159,37,Female,Urban,Divorced,0,Bachelor,55,Month-to-Month,Credit Card,Yes,111.25,6085.05,Yes,No,Fiber,Yes,No,No,Yes,No,No,290.12,675.9,1,1,0,No,197.3,32.08,5.0,23.0,232,No
CUST-00160,32,Female,Suburban,Married,1,Bachelor,67,One Year,Bank Transfer,Yes,25.86,1807.69,Yes,Yes,DSL,Yes,Yes,No,No,No,Yes,360.29,1079.85,1,0,0,Yes,15.83,2.52,5.0,-41.0,169,No
CUST-00161,24,Male,Suburban,Married,1,High School,33,Month-to-Month,Bank Transfer,No,70.12,2313.03,Yes,Yes,Fiber,No,No,Yes,Yes,Yes,No,165.54,1326.09,2,1,0,No,149.62,41.75,2.0,-45.0,134,No
CUST-00162,34,Male,Urban,Divorced,0,High School,2,Month-to-Month,Credit Card,Yes,64.62,131.75,No,No,DSL,Yes,No,No,No,Yes,No,301.51,0.0,1,1,0,No,85.1,11.53,4.0,-17.0,130,No
CUST-00163,39,Male,Urban,Married,2,High School,46,Month-to-Month,Credit Card,No,126.17,5553.77,Yes,Yes,Fiber,Yes,Yes,No,Yes,Yes,Yes,412.43,1682.82,3,1,1,No,106.89,22.13,1.0,-60.0,36,Yes
CUST-00164,39,Male,Suburban,Single,2,High School,33,Month-to-Month,Mailed Check,Yes,145.72,4926.55,Yes,No,Fiber,Yes,Yes,Yes,Yes,Yes,No,47.11,1462.58,2,0,0,No,116.09,28.17,3.0,81.0,258,Yes
CUST-00165,71,Male,Urban,Single,0,High School,58,Month-to-Month,Bank Transfer,Yes,79.91,4559.96,Yes,No,DSL,Yes,Yes,Yes,No,Yes,No,355.34,1010.04,4,0,1,No,21.1,3.78,4.0,-84.0,123,Yes
CUST-00166,29,Male,Rural,Married,4,High School,7,One Year,Mailed Check,No,127.23,877.36,Yes,Yes,Fiber,Yes,Yes,No,No,Yes,Yes,161.57,845.07,1,1,1,No,285.12,30.79,3.0,4.0,262,Yes
CUST-00167,35,Female,Urban,Divorced,2,High School,15,One Year,Bank Transfer,Yes,110.96,1600.93,Yes,Yes,No,No,No,No,No,No,No,0.0,161.81,1,3,1,Yes,0.0,0.0,2.0,-76.0,352,Yes
CUST-00168,73,Female,Rural,Married,0,Bachelor,26,One Year,Credit Card,Yes,145.76,3655.93,Yes,No,Fiber,No,No,No,No,No,Yes,272.83,782.28,3,0,1,Yes,218.71,61.32,4.0,25.0,216,No
CUST-00169,63,Male,Urban,Divorced,0,PhD,11,Month-to-Month,Electronic,Yes,125.44,1336.52,Yes,No,No,No,No,No,No,No,No,0.0,1711.92,3,1,0,No,0.0,0.0,4.0,-8.0,169,Yes
CUST-00170,64,Male,Urban,Single,0,Master,38,Month-to-Month,Electronic,No,30.07,1123.11,Yes,Yes,No,No,No,No,No,No,No,0.0,829.65,0,1,0,No,0.0,0.0,4.0,36.0,97,Yes
CUST-00171,32,Male,Urban,Single,1,High School,27,Two Year,Mailed Check,Yes,112.73,3162.92,Yes,No,No,No,No,No,No,No,No,0.0,977.01,2,2,0,No,0.0,0.0,4.0,83.0,357,No
CUST-00172,54,Female,Suburban,Single,0,Bachelor,7,One Year,Electronic,Yes,89.61,619.04,Yes,Yes,No,No,No,No,No,No,No,0.0,616.49,3,1,0,No,0.0,0.0,4.0,50.0,185,Yes
CUST-00173,33,Female,Suburban,Married,1,Master,1,Two Year,Electronic,Yes,22.14,22.63,No,No,DSL,No,Yes,No,No,Yes,Yes,260.5,0.0,2,0,1,No,38.75,10.92,5.0,17.0,212,No
CUST-00174,22,Female,Urban,Single,0,High School,21,Month-to-Month,Bank Transfer,Yes,52.67,1059.93,Yes,No,No,No,No,No,No,No,No,0.0,217.56,0,2,1,No,0.0,0.0,3.0,-99.0,357,Yes
CUST-00175,19,Female,Urban,Single,2,Master,30,One Year,Bank Transfer,Yes,139.83,4233.06,Yes,No,No,No,No,No,No,No,No,0.0,1266.23,2,1,1,Yes,0.0,0.0,4.0,,311,No
CUST-00176,69,Female,Suburban,Married,3,Bachelor,8,Month-to-Month,Electronic,Yes,140.39,1121.07,Yes,No,No,No,No,No,No,No,No,0.0,951.33,2,0,1,No,0.0,0.0,3.0,18.0,231,Yes
CUST-00177,45,Male,Suburban,Married,1,Master,3,One Year,Electronic,No,123.85,389.31,Yes,Yes,DSL,No,No,No,Yes,Yes,No,420.88,1251.33,4,2,0,No,23.62,5.55,5.0,92.0,166,No
CUST-00178,74,Male,Suburban,Married,2,Master,55,Two Year,Credit Card,No,147.63,8400.84,Yes,No,No,No,No,No,No,No,No,0.0,1139.09,1,1,0,No,0.0,0.0,,65.0,305,Yes
CUST-00179,58,Female,Urban,Married,4,Bachelor,15,Two Year,Electronic,Yes,124.85,1864.3,Yes,No,Fiber,No,No,No,No,Yes,Yes,249.52,1617.8,2,1,1,Yes,174.5,46.15,5.0,33.0,160,No
CUST-00180,71,Male,Suburban,Married,2,Bachelor,36,Two Year,Bank Transfer,No,21.33,788.88,No,No,Fiber,No,Yes,Yes,No,Yes,Yes,380.27,0.0,1,1,1,Yes,203.91,27.87,4.0,75.0,283,No
CUST-00181,44,Female,Suburban,Married,1,High School,6,Month-to-Month,Electronic,Yes,57.42,333.94,Yes,Yes,DSL,No,No,No,Yes,Yes,Yes,262.42,1565.76,6,0,0,No,56.08,9.36,4.0,71.0,183,No
CUST-00182,48,Female,Rural,Divorced,1,High School,42,One Year,Bank Transfer,Yes,23.98,1013.49,Yes,No,DSL,No,No,No,Yes,No,Yes,34.73,1048.55,0,3,1,No,64.36,15.27,,-94.0,24,No
CUST-00183,58,Female,Suburban,Married,3,Bachelor,50,One Year,Bank Transfer,Yes,32.23,1543.14,Yes,No,No,No,No,No,No,No,No,0.0,772.37,2,1,0,Yes,0.0,0.0,3.0,-35.0,141,No
CUST-00184,53,Male,Urban,Single,0,High School,18,One Year,Bank Transfer,Yes,48.45,858.84,Yes,Yes,Fiber,No,No,No,Yes,No,No,43.74,1873.53,3,1,1,Yes,182.84,34.37,4.0,89.0,182,No
CUST-00185,64,Female,Urban,Single,1,High School,50,Month-to-Month,Electronic,Yes,85.46,4155.99,Yes,Yes,Fiber,No,No,No,No,Yes,No,494.44,203.11,1,0,1,No,105.02,30.74,3.0,57.0,83,Yes
CUST-00186,60,Female,Suburban,Single,2,Bachelor,30,Two Year,Credit Card,Yes,130.18,3990.87,No,No,No,No,No,No,No,No,No,0.0,0.0,3,1,2,No,0.0,0.0,5.0,-25.0,230,No
CUST-00187,18,Female,Suburban,Divorced,2,Master,39,Two Year,Credit Card,No,132.06,5145.07,Yes,No,DSL,No,Yes,No,No,No,Yes,317.95,897.24,1,3,0,No,67.23,19.48,4.0,-49.0,222,No
CUST-00188,67,Female,Rural,Single,3,High School,12,Month-to-Month,Electronic,Yes,100.11,1231.44,Yes,No,Fiber,No,No,No,No,No,Yes,142.17,1266.52,1,1,0,No,81.08,19.82,5.0,-7.0,157,Yes
CUST-00189,46,Female,Suburban,Divorced,1,Bachelor,59,Month-to-Month,Bank Transfer,No,140.66,8311.8,Yes,No,Fiber,Yes,Yes,Yes,Yes,Yes,Yes,326.62,115.58,2,0,1,No,176.82,43.31,3.0,-65.0,317,No
CUST-00190,18,Male,Suburban,Single,0,Bachelor,44,Month-to-Month,Credit Card,Yes,85.01,3585.69,Yes,Yes,DSL,Yes,Yes,Yes,No,Yes,Yes,105.2,1466.71,1,1,1,No,59.56,13.01,1.0,-66.0,184,Yes
CUST-00191,25,Male,Urban,Divorced,4,Bachelor,4,One Year,Bank Transfer,Yes,135.57,555.06,Yes,No,DSL,No,No,Yes,No,Yes,Yes,392.64,1161.58,3,0,0,No,90.87,11.67,4.0,-35.0,182,No
CUST-00192,74,Male,Urban,Married,0,High School,36,Month-to-Month,Electronic,Yes,79.03,2939.83,Yes,No,DSL,Yes,Yes,No,No,Yes,No,55.41,1020.94,2,2,0,No,89.28,18.21,3.0,77.0,84,No
CUST-00193,33,Male,Urban,Married,0,PhD,48,Two Year,Electronic,Yes,56.04,2798.43,Yes,Yes,DSL,Yes,No,No,No,Yes,Yes,447.58,904.64,2,1,0,Yes,23.59,3.55,5.0,30.0,64,No
CUST-00194,45,Female,Urban,Married,1,Bachelor,14,One Year,Mailed Check,No,139.13,1961.89,Yes,Yes,Fiber,No,No,No,No,No,No,420.21,1087.03,0,0,1,Yes,232.58,69.71,4.0,5.0,51,Yes
CUST-00195,39,Female,Suburban,Single,3,Bachelor,49,One Year,Credit Card,No,70.43,3538.66,Yes,Yes,No,No,No,No,No,No,No,0.0,407.39,2,1,0,Yes,0.0,0.0,2.0,-25.0,2,Yes
CUST-00196,35,Male,Urban,Married,3,High School,67,One Year,Credit Card,Yes,85.44,5868.94,Yes,No,Fiber,Yes,No,Yes,No,No,Yes,33.71,306.55,4,0,1,Yes,277.31,40.52,4.0,-97.0,76,No
CUST-00197,39,Male,Urban,Single,4,Bachelor,9,Month-to-Month,Credit Card,No,62.75,545.32,Yes,Yes,DSL,No,Yes,No,No,No,No,104.28,650.31,2,2,1,No,11.94,2.68,4.0,-46.0,134,No
CUST-00198,58,Male,Urban,Married,0,Master,21,Two Year,Electronic,No,106.17,2154.68,Yes,Yes,DSL,Yes,No,Yes,No,Yes,Yes,429.68,1448.06,2,2,0,Yes,70.56,14.27,4.0,79.0,325,No
CUST-00199,29,Female,Urban,Married,1,High School,72,One Year,Bank Transfer,No,149.35,10292.04,Yes,Yes,No,No,No,No,No,No,No,0.0,1217.75,2,0,1,Yes,0.0,0.0,4.0,86.0,69,No
CUST-00200,36,Male,Urban,Single,0,Bachelor,16,Two Year,Electronic,Yes,23.32,366.35,Yes,No,No,No,No,No,No,No,No,0.0,1012.23,3,2,2,Yes,0.0,0.0,,98.0,161,Yes
CUST-00201,42,Male,Suburban,Married,3,High School,16,One Year,Credit Card,No,136.98,2185.88,Yes,Yes,DSL,Yes,Yes,Yes,Yes,Yes,No,272.0,1185.89,4,1,2,Yes,29.65,7.77,3.0,-81.0,95,No
CUST-00202,67,Male,Urban,Married,1,PhD,28,One Year,Credit Card,Yes,20.51,602.88,Yes,Yes,DSL,No,Yes,No,Yes,Yes,No,137.09,1162.59,4,1,0,Yes,30.4,5.98,4.0,-82.0,15,No
CUST-00203,22,Male,Suburban,Married,0,High School,51,Month-to-Month,Mailed Check,No,67.35,3411.13,Yes,Yes,Fiber,No,No,No,No,No,Yes,111.04,683.38,1,1,0,No,103.56,13.38,1.0,35.0,229,Yes
CUST-00204,51,Female,Suburban,Divorced,2,Master,56,One Year,Credit Card,Yes,41.92,2400.57,Yes,Yes,Fiber,No,No,No,No,No,Yes,287.91,285.17,2,1,0,Yes,217.04,41.9,4.0,94.0,266,No
CUST-00205,56,Male,Rural,Married,1,Bachelor,57,Two Year,Electronic,Yes,118.45,6882.48,No,No,Fiber,Yes,Yes,Yes,No,No,No,186.29,0.0,6,0,0,Yes,234.62,35.34,4.0,-74.0,305,No
CUST-00206,27,Male,Urban,Married,1,Bachelor,52,Two Year,Credit Card,Yes,26.58,1341.28,Yes,No,Fiber,No,No,No,Yes,Yes,Yes,70.28,1239.83,6,0,0,No,235.6,34.1,5.0,35.0,342,No
CUST-00207,64,Male,Urban,Married,3,Bachelor,46,Two Year,Electronic,Yes,91.95,4043.1,No,No,Fiber,Yes,Yes,No,Yes,Yes,No,267.43,0.0,2,1,0,Yes,176.0,51.31,5.0,-83.0,5,No
CUST-00208,74,Female,Urban,Divorced,0,High School,38,Month-to-Month,Electronic,No,58.34,2227.13,Yes,No,No,No,No,No,No,No,No,0.0,981.59,4,1,0,No,0.0,0.0,4.0,-72.0,109,No
CUST-00209,24,Female,Suburban,Single,0,Bachelor,48,Two Year,Electronic,Yes,37.38,1830.04,Yes,No,DSL,No,No,No,No,Yes,Yes,367.26,1537.31,2,2,3,Yes,36.43,3.98,3.0,-55.0,142,No
CUST-00210,54,Male,Rural,Married,0,Bachelor,41,Two Year,Credit Card,Yes,120.34,5179.62,Yes,Yes,No,No,No,No,No,No,No,0.0,1210.54,0,2,0,No,0.0,0.0,,63.0,154,No
CUST-00211,64,Male,Suburban,Married,1,High School,59,Month-to-Month,Electronic,No,48.26,2807.33,Yes,No,Fiber,Yes,No,No,No,No,No,310.31,202.22,0,2,0,No,263.01,68.11,3.0,30.0,206,Yes
CUST-00212,69,Female,Suburban,Single,0,Master,67,Two Year,Credit Card,Yes,49.08,3418.54,Yes,Yes,Fiber,Yes,No,No,No,No,Yes,218.25,1791.18,5,0,0,Yes,260.22,39.26,2.0,36.0,165,No
CUST-00213,69,Male,Urban,Single,2,High School,66,Month-to-Month,Mailed Check,Yes,55.76,3636.71,Yes,Yes,Fiber,No,No,No,Yes,No,Yes,203.03,680.52,1,1,0,No,76.17,13.85,4.0,37.0,259,Yes
CUST-00214,32,Female,Suburban,Single,0,Bachelor,27,One Year,Bank Transfer,Yes,96.28,2648.79,Yes,No,Fiber,No,Yes,No,No,No,No,116.14,361.99,2,2,0,Yes,287.46,78.32,5.0,-17.0,172,No
CUST-00215,59,Male,Urban,Married,4,Bachelor,32,Month-to-Month,Electronic,Yes,105.76,3417.46,Yes,No,Fiber,No,Yes,No,No,No,Yes,15.21,267.28,0,0,0,No,95.61,16.4,3.0,93.0,120,Yes
CUST-00216,41,Male,Suburban,Divorced,0,High School,56,Two Year,Electronic,Yes,22.29,1192.35,Yes,No,Fiber,No,Yes,No,No,No,Yes,423.84,1468.84,1,0,1,Yes,153.59,32.79,3.0,-100.0,139,No
CUST-00217,43,Female,Suburban,Married,0,Bachelor,10,Month-to-Month,Bank Transfer,Yes,51.44,492.74,Yes,No,DSL,No,No,Yes,Yes,Yes,Yes,163.21,1437.54,2,0,0,No,18.08,3.74,4.0,31.0,167,Yes
CUST-00218,43,Female,Urban,Married,0,Bachelor,40,One Year,Bank Transfer,No,76.03,2895.31,Yes,No,Fiber,Yes,No,No,Yes,No,No,340.55,1430.31,0,1,0,No,,47.78,5.0,75.0,83,No
CUST-00219,63,Female,Urban,Single,3,Bachelor,17,Month-to-Month,Electronic,No,63.16,1059.8,Yes,No,Fiber,No,Yes,Yes,Yes,Yes,No,473.79,1839.93,4,1,0,No,237.35,54.09,2.0,0.0,193,No
CUST-00220,43,Male,Rural,Single,1,Bachelor,58,Month-to-Month,Bank Transfer,Yes,134.94,8019.03,No,No,DSL,Yes,No,No,Yes,Yes,Yes,282.5,0.0,1,3,0,No,71.26,13.87,3.0,-5.0,275,Yes
CUST-00221,27,Male,Urban,Married,3,High School,6,One Year,Credit Card,Yes,122.4,710.38,Yes,No,No,No,No,No,No,No,No,0.0,1166.15,2,1,2,No,0.0,0.0,5.0,-83.0,267,No
CUST-00222,34,Male,Urban,Married,3,Master,39,Month-to-Month,Credit Card,Yes,101.37,3995.11,Yes,Yes,DSL,No,Yes,No,Yes,Yes,No,134.14,1277.04,1,0,0,No,22.53,5.92,1.0,-23.0,37,Yes
CUST-00223,70,Female,Urban,Single,4,Bachelor,18,One Year,Mailed Check,No,63.95,1126.71,Yes,Yes,Fiber,No,Yes,No,No,No,No,467.02,1961.02,2,0,0,Yes,145.57,17.85,4.0,-56.0,302,Yes
CUST-00224,31,Female,Urban,Married,3,High School,72,Two Year,Bank Transfer,Yes,111.09,8235.84,Yes,No,DSL,Yes,Yes,No,No,Yes,Yes,341.04,693.46,2,1,0,Yes,32.69,6.3,4.0,11.0,337,No
CUST-00225,19,Male,Suburban,Divorced,0,Master,42,Two Year,Bank Transfer,No,129.67,5608.78,Yes,Yes,Fiber,No,Yes,Yes,No,No,Yes,332.64,1917.03,3,0,2,Yes,109.48,23.65,3.0,-86.0,241,No
CUST-00226,65,Female,Suburban,Married,3,High School,4,Two Year,Credit Card,Yes,97.33,400.03,Yes,Yes,DSL,No,Yes,No,No,Yes,Yes,213.08,382.6,1,0,0,No,37.98,9.16,4.0,78.0,329,No
CUST-00227,30,Female,Suburban,Married,4,Bachelor,20,Month-to-Month,Credit Card,No,121.98,2445.66,Yes,Yes,Fiber,Yes,No,Yes,No,Yes,No,422.52,1551.6,2,1,1,No,219.71,40.02,5.0,88.0,198,Yes
CUST-00228,44,Male,Urban,Married,5,Bachelor,28,Month-to-Month,Credit Card,Yes,117.38,3215.93,Yes,Yes,DSL,Yes,No,No,Yes,Yes,No,356.84,1302.48,0,1,1,No,12.54,3.1,2.0,-97.0,297,Yes
CUST-00229,26,Female,Suburban,Single,0,Master,40,One Year,Electronic,No,94.33,3889.79,Yes,No,DSL,Yes,Yes,No,Yes,No,Yes,141.59,1652.1,1,2,0,No,44.4,5.61,3.0,46.0,4,No
CUST-00230,24,Male,Rural,Single,2,PhD,65,Month-to-Month,Credit Card,Yes,60.58,3814.34,Yes,No,Fiber,Yes,No,No,Yes,No,Yes,299.79,154.5,0,0,1,No,54.49,12.57,4.0,-13.0,354,Yes
CUST-00231,65,Male,Urban,Married,0,Master,44,Two Year,Electronic,No,116.95,5037.69,Yes,No,Fiber,No,No,Yes,Yes,Yes,Yes,215.1,248.45,4,0,0,No,136.65,36.25,3.0,-7.0,102,No
CUST-00232,27,Female,Urban,Married,0,Bachelor,23,Month-to-Month,Electronic,Yes,46.88,1044.24,Yes,No,DSL,No,Yes,No,Yes,Yes,Yes,3.3,232.42,2,2,0,No,98.67,27.42,4.0,-24.0,137,No
CUST-00233,73,Male,Rural,Married,2,Bachelor,57,Two Year,Credit Card,Yes,121.33,7036.49,Yes,No,DSL,No,No,No,Yes,No,Yes,403.81,1226.62,1,1,0,No,56.59,12.22,,38.0,292,No
CUST-00234,71,Male,Urban,Single,5,Bachelor,47,Month-to-Month,Bank Transfer,Yes,124.59,5964.84,Yes,No,No,No,No,No,No,No,No,0.0,1245.58,5,3,1,No,0.0,0.0,5.0,-73.0,65,No
CUST-00235,26,Female,Urban,Married,2,Bachelor,13,Two Year,Mailed Check,No,126.88,1674.58,Yes,No,DSL,Yes,No,Yes,No,Yes,Yes,254.98,1821.6,1,0,1,Yes,43.14,5.72,3.0,84.0,66,No
CUST-00236,39,Female,Urban,Single,3,PhD,16,Month-to-Month,Credit Card,No,81.48,1292.66,Yes,Yes,No,No,No,No,No,No,No,,988.45,3,2,0,No,0.0,0.0,3.0,-26.0,269,Yes
CUST-00237,40,Female,Urban,Single,0,High School,55,Month-to-Month,Credit Card,Yes,45.02,2377.23,Yes,Yes,Fiber,Yes,No,Yes,No,Yes,Yes,171.04,229.29,2,0,1,No,284.76,59.23,2.0,-47.0,46,Yes
CUST-00238,24,Female,Urban,Single,0,Bachelor,65,One Year,Electronic,Yes,32.96,2230.76,Yes,Yes,DSL,Yes,Yes,No,Yes,Yes,No,238.68,498.11,1,1,0,Yes,96.38,13.42,5.0,-36.0,364,No
CUST-00239,65,Male,Urban,Married,2,Master,16,Month-to-Month,Mailed Check,Yes,116.64,1867.63,Yes,No,Fiber,No,No,Yes,No,Yes,No,498.51,115.34,1,1,0,No,149.56,43.45,3.0,-54.0,179,No
CUST-00240,26,Female,Suburban,Single,1,Master,37,One Year,Credit Card,No,135.21,4956.38,Yes,No,No,No,No,No,No,No,No,0.0,1575.76,3,1,0,Yes,0.0,0.0,3.0,17.0,67,Yes
CUST-00241,44,Female,Urban,Single,3,High School,52,One Year,Bank Transfer,No,104.61,5487.99,Yes,No,Fiber,No,No,Yes,No,No,No,91.16,1649.64,2,0,1,No,110.3,11.76,5.0,-97.0,114,No
CUST-00242,41,Male,Rural,Married,1,High School,10,Month-to-Month,Bank Transfer,No,38.74,375.51,Yes,No,Fiber,No,Yes,No,Yes,No,Yes,306.8,1996.09,0,2,0,No,104.37,22.17,4.0,-67.0,25,Yes
CUST-00243,46,Female,Urban,Married,1,Bachelor,38,Two Year,Electronic,Yes,141.54,5180.76,Yes,Yes,Fiber,No,Yes,No,Yes,No,No,118.14,883.17,1,0,0,No,125.6,32.39,2.0,,46,Yes
CUST-00244,34,Male,Rural,Married,1,Bachelor,44,One Year,Credit Card,No,148.58,6475.9,Yes,Yes,No,No,No,No,No,No,No,0.0,136.67,0,3,0,Yes,,0.0,3.0,81.0,206,Yes
CUST-00245,37,Male,Rural,Married,0,Bachelor,54,One Year,Mailed Check,No,76.34,4009.87,Yes,No,Fiber,No,Yes,No,No,No,Yes,25.09,545.99,2,0,1,Yes,241.77,49.51,4.0,-40.0,72,No
CUST-00246,24,Female,Suburban,Divorced,4,Bachelor,51,One Year,Electronic,No,97.33,4836.77,No,No,DSL,No,No,Yes,No,No,No,11.44,0.0,2,2,0,No,40.2,7.28,4.0,0.0,258,No
CUST-00247,60,Female,Rural,Single,1,PhD,52,One Year,Bank Transfer,Yes,121.04,6541.11,Yes,No,DSL,Yes,Yes,Yes,No,Yes,No,215.58,1927.69,2,1,0,Yes,44.95,6.26,4.0,-8.0,29,Yes
CUST-00248,57,Male,Suburban,Single,1,Bachelor,70,Month-to-Month,Mailed Check,No,115.73,8126.07,Yes,No,DSL,No,No,Yes,No,Yes,No,213.36,296.8,3,3,0,No,24.29,5.41,2.0,1.0,2,Yes
CUST-00249,24,Male,Rural,Married,3,Bachelor,59,Month-to-Month,Electronic,Yes,145.81,8588.71,Yes,No,DSL,No,Yes,No,No,No,No,92.77,330.99,4,2,0,No,57.11,17.06,3.0,12.0,8,Yes
CUST-00250,45,Female,Urban,Single,1,Bachelor,13,One Year,Bank Transfer,Yes,34.93,462.76,Yes,Yes,DSL,No,Yes,No,No,No,Yes,392.01,1433.34,2,1,0,Yes,77.01,13.33,4.0,-18.0,7,No
CUST-00251,36,Male,Urban,Married,3,High School,41,Month-to-Month,Mailed Check,Yes,95.49,4092.06,No,No,Fiber,Yes,Yes,No,No,No,No,64.64,0.0,2,1,0,No,132.76,27.94,5.0,47.0,8,No
CUST-00252,37,Male,Suburban,Married,0,High School,12,Month-to-Month,Bank Transfer,Yes,109.95,1268.25,Yes,No,DSL,No,No,Yes,Yes,No,No,457.66,575.96,3,0,1,No,94.49,15.64,1.0,30.0,151,Yes
CUST-00253,61,Female,Urban,Divorced,0,Master,50,One Year,Electronic,Yes,135.71,7011.96,Yes,No,Fiber,No,No,No,No,Yes,No,293.79,1644.98,3,0,0,Yes,64.33,17.72,1.0,-61.0,141,Yes
CUST-00254,56,Female,Rural,Divorced,4,Master,57,One Year,Electronic,Yes,133.63,7681.15,Yes,No,Fiber,No,No,No,Yes,Yes,No,13.81,344.68,1,0,0,Yes,72.06,19.67,,96.0,335,No
CUST-00255,57,Female,Rural,Divorced,3,High School,50,Month-to-Month,Electronic,Yes,147.14,7096.68,Yes,No,DSL,No,No,No,Yes,No,Yes,481.49,1858.91,0,0,0,No,67.99,9.23,4.0,50.0,273,No
CUST-00256,24,Female,Urban,Single,1,Master,57,Month-to-Month,Bank Transfer,No,86.57,4834.4,Yes,Yes,DSL,No,No,No,Yes,Yes,Yes,153.97,481.96,2,2,0,No,86.44,24.2,2.0,-32.0,26,No
CUST-00257,23,Female,Rural,Divorced,2,High School,54,Month-to-Month,Bank Transfer,Yes,128.0,6899.75,Yes,No,DSL,Yes,No,Yes,No,Yes,No,224.99,254.57,3,0,2,No,95.78,12.48,4.0,-69.0,347,Yes
CUST-00258,42,Female,Urban,Single,4,Bachelor,66,Month-to-Month,Credit Card,Yes,75.55,5081.4,Yes,No,DSL,No,Yes,No,No,No,No,142.13,745.09,1,2,0,No,79.05,9.41,5.0,-77.0,70,No
CUST-00259,58,Male,Urban,Married,0,High School,8,Month-to-Month,Credit Card,Yes,74.9,583.78,Yes,Yes,No,No,No,No,No,No,No,0.0,456.9,2,0,1,No,0.0,0.0,4.0,12.0,218,Yes
CUST-00260,30,Female,Suburban,Married,0,Master,63,Month-to-Month,Electronic,No,52.94,3346.55,Yes,Yes,Fiber,Yes,Yes,No,No,No,No,242.84,1101.19,5,2,1,No,115.41,20.45,3.0,78.0,289,Yes
CUST-00261,56,Male,Urban,Single,1,High School,9,Two Year,Bank Transfer,No,126.37,1158.34,Yes,Yes,DSL,Yes,Yes,No,No,No,No,66.19,1405.01,5,0,0,No,92.75,19.12,5.0,14.0,255,No
CUST-00262,57,Male,Suburban,Married,0,Bachelor,60,One Year,Bank Transfer,Yes,148.16,8843.79,Yes,No,Fiber,No,No,Yes,No,Yes,No,52.1,1032.75,3,1,0,Yes,131.52,30.32,3.0,85.0,102,Yes
CUST-00263,39,Male,Suburban,Single,0,Master,63,Month-to-Month,Mailed Check,No,53.32,3481.4,Yes,Yes,DSL,No,No,Yes,No,Yes,No,362.69,1355.15,4,2,0,No,60.29,6.67,3.0,69.0,146,Yes
CUST-00264,66,Female,Urban,Single,3,High School,72,Month-to-Month,Bank Transfer,Yes,27.3,2038.0,Yes,Yes,Fiber,Yes,No,Yes,No,Yes,No,118.54,793.35,3,0,1,No,225.86,35.82,4.0,-66.0,157,No
CUST-00265,34,Male,Suburban,Divorced,0,Bachelor,3,One Year,Bank Transfer,No,126.02,376.95,Yes,No,Fiber,Yes,No,No,No,No,No,68.9,153.05,4,0,2,No,146.51,28.16,4.0,-69.0,347,Yes
CUST-00266,65,Male,Suburban,Single,3,High School,13,Month-to-Month,Bank Transfer,Yes,100.63,1370.06,Yes,No,Fiber,No,No,Yes,Yes,Yes,No,249.71,1950.72,4,0,0,No,131.69,20.19,5.0,81.0,139,No
CUST-00267,39,Female,Urban,Single,1,Bachelor,9,Two Year,Credit Card,Yes,144.76,1247.55,Yes,Yes,DSL,No,No,Yes,Yes,Yes,Yes,401.38,1656.89,7,0,0,No,15.37,1.69,3.0,-56.0,142,No
CUST-00268,51,Female,Urban,Married,2,Bachelor,52,Two Year,Credit Card,Yes,52.79,2608.8,No,No,DSL,Yes,Yes,Yes,No,No,Yes,139.39,0.0,1,2,1,No,66.45,7.8,1.0,75.0,108,Yes
CUST-00269,25,Female,Rural,Divorced,2,Bachelor,62,One Year,Mailed Check,Yes,29.23,1790.85,Yes,Yes,Fiber,No,Yes,No,Yes,Yes,Yes,138.22,953.44,2,3,0,Yes,108.18,28.16,,7.0,358,No
CUST-00270,66,Male,Rural,Single,1,Master,8,Month-to-Month,Bank Transfer,Yes,84.02,678.94,Yes,No,No,No,No,No,No,No,No,0.0,1306.54,3,1,0,No,0.0,0.0,3.0,-15.0,319,Yes
CUST-00271,62,Male,Urban,Married,0,Bachelor,45,Two Year,Credit Card,No,31.11,1418.06,Yes,Yes,No,No,No,No,No,No,No,0.0,462.13,0,0,2,Yes,0.0,0.0,3.0,76.0,63,Yes
CUST-00272,35,Female,Urban,Divorced,0,High School,53,Two Year,Electronic,No,54.03,2856.99,Yes,No,DSL,No,No,Yes,Yes,Yes,No,308.36,1198.18,3,1,1,Yes,32.21,4.83,4.0,-67.0,270,Yes
CUST-00273,41,Male,Rural,Single,3,Bachelor,63,One Year,Electronic,Yes,36.38,2205.79,No,No,Fiber,Yes,No,No,Yes,No,No,477.51,0.0,2,1,0,Yes,204.21,47.06,5.0,43.0,185,No
CUST-00274,71,Female,Suburban,Single,0,Master,57,One Year,Credit Card,Yes,49.14,2708.53,No,No,Fiber,No,Yes,Yes,No,Yes,Yes,,0.0,2,0,1,Yes,113.98,33.15,4.0,-90.0,355,Yes
CUST-00275,59,Male,Urban,Married,0,PhD,54,Month-to-Month,Electronic,Yes,33.8,1889.41,Yes,Yes,No,No,No,No,No,No,No,0.0,368.3,1,1,0,No,0.0,0.0,3.0,46.0,322,Yes
CUST-00276,19,Female,Suburban,Married,5,High School,19,Month-to-Month,Electronic,Yes,144.01,2836.81,Yes,No,DSL,No,No,Yes,No,No,No,159.96,1542.03,0,0,1,No,61.55,16.68,4.0,-9.0,0,Yes
CUST-00277,19,Male,Suburban,Married,5,Bachelor,67,One Year,Credit Card,No,56.21,3831.78,Yes,No,Fiber,Yes,Yes,Yes,No,No,Yes,71.19,712.91,2,0,1,Yes,82.9,16.68,5.0,56.0,6,No
CUST-00278,44,Male,Suburban,Single,1,Master,46,Two Year,Electronic,Yes,77.71,3633.21,Yes,Yes,DSL,Yes,Yes,No,No,Yes,No,474.62,563.68,2,2,0,Yes,48.28,14.06,5.0,-47.0,0,No
CUST-00279,31,Female,Urban,Divorced,0,Master,10,One Year,Bank Transfer,No,136.82,1381.56,Yes,Yes,Fiber,No,No,Yes,No,No,Yes,492.97,1501.97,2,3,0,Yes,208.04,26.47,2.0,80.0,260,Yes
CUST-00280,65,Male,Suburban,Divorced,2,Bachelor,18,Two Year,Credit Card,Yes,108.05,1887.15,Yes,No,Fiber,No,No,Yes,Yes,No,No,117.5,1498.53,2,2,1,Yes,188.62,55.59,5.0,94.0,46,No
CUST-00281,56,Male,Urban,Single,3,Bachelor,12,Month-to-Month,Credit Card,Yes,100.34,1195.5,Yes,No,Fiber,No,Yes,No,Yes,Yes,Yes,334.85,625.16,2,1,0,No,294.41,55.41,5.0,-25.0,355,No
CUST-00282,70,Female,Rural,Single,0,Bachelor,49,Month-to-Month,Electronic,Yes,111.72,5581.68,No,No,No,No,No,No,No,No,No,0.0,0.0,4,2,0,No,0.0,0.0,4.0,59.0,265,Yes
CUST-00283,70,Male,Suburban,Divorced,0,High School,23,One Year,Electronic,Yes,127.75,2949.12,No,No,Fiber,No,Yes,No,No,No,No,116.84,0.0,2,1,1,Yes,243.55,46.7,4.0,-1.0,1,No
CUST-00284,73,Male,Suburban,Married,3,Master,62,Month-to-Month,Credit Card,Yes,134.1,7913.76,No,No,Fiber,No,Yes,No,No,Yes,Yes,93.84,0.0,3,0,0,No,138.9,28.62,3.0,15.0,22,Yes
CUST-00285,29,Male,Suburban,Married,4,High School,11,One Year,Bank Transfer,No,103.54,1190.63,Yes,No,DSL,No,No,No,No,No,No,5.61,912.23,2,1,0,Yes,59.38,15.5,4.0,23.0,358,No
CUST-00286,49,Male,Urban,Married,3,Bachelor,56,Month-to-Month,Bank Transfer,Yes,135.7,7861.29,Yes,Yes,Fiber,No,Yes,No,Yes,No,Yes,205.98,1480.75,3,1,0,No,233.6,57.12,4.0,-18.0,302,No
CUST-00287,45,Male,Rural,Married,0,Bachelor,55,Two Year,Electronic,Yes,89.6,4810.09,Yes,No,Fiber,No,Yes,No,No,No,No,449.72,502.01,1,0,0,Yes,299.93,67.16,2.0,-45.0,83,No
CUST-00288,72,Female,Urban,Married,1,Bachelor,25,Two Year,Credit Card,No,56.05,1417.51,Yes,Yes,DSL,No,Yes,No,No,Yes,No,451.49,990.65,5,0,0,Yes,75.68,13.88,3.0,-38.0,203,No
CUST-00289,45,Female,Rural,Single,2,Bachelor,9,One Year,Electronic,Yes,134.41,1260.89,Yes,No,No,No,No,No,No,No,No,0.0,1341.76,2,2,1,No,0.0,0.0,2.0,31.0,226,Yes
CUST-00290,63,Male,Urban,Single,0,Bachelor,12,Month-to-Month,Mailed Check,No,90.39,1040.88,Yes,No,DSL,No,Yes,Yes,No,No,Yes,102.18,1125.05,1,2,0,No,81.66,23.65,5.0,38.0,251,No
CUST-00291,42,Male,Urban,Divorced,0,Bachelor,11,One Year,Mailed Check,Yes,137.8,1516.24,Yes,Yes,Fiber,Yes,Yes,No,No,Yes,Yes,,1255.82,5,1,0,Yes,124.13,12.66,4.0,30.0,304,No
CUST-00292,21,Female,Suburban,Married,0,Bachelor,38,Two Year,Credit Card,Yes,25.22,954.24,Yes,No,No,No,No,No,No,No,No,0.0,1137.8,3,2,1,Yes,0.0,0.0,4.0,54.0,150,No
CUST-00293,43,Female,Suburban,Married,1,Bachelor,28,One Year,Bank Transfer,No,71.68,1988.94,Yes,Yes,No,No,No,No,No,No,No,0.0,478.53,2,1,2,No,0.0,0.0,5.0,10.0,246,No
CUST-00294,53,Male,Rural,Divorced,1,Master,8,Month-to-Month,Bank Transfer,No,143.21,1184.17,Yes,No,Fiber,No,Yes,Yes,Yes,Yes,No,256.92,879.39,2,0,0,No,249.25,,4.0,71.0,305,No
CUST-00295,67,Female,Suburban,Married,3,PhD,47,Month-to-Month,Bank Transfer,Yes,52.45,2435.94,Yes,Yes,DSL,No,Yes,Yes,Yes,No,No,295.97,1110.77,2,0,1,No,64.08,16.67,5.0,45.0,16,No
CUST-00296,20,Female,Urban,Single,3,Bachelor,36,Month-to-Month,Bank Transfer,Yes,142.4,4902.71,Yes,No,No,No,No,No,No,No,No,0.0,1582.12,2,0,2,No,0.0,0.0,1.0,57.0,303,Yes
CUST-00297,18,Male,Rural,Married,4,Master,50,Month-to-Month,Mailed Check,No,144.01,6887.75,Yes,Yes,DSL,Yes,No,Yes,Yes,Yes,Yes,238.83,1342.42,3,2,1,No,83.39,20.86,4.0,-31.0,1,Yes
CUST-00298,34,Male,Urban,Married,3,Bachelor,9,Two Year,Credit Card,Yes,134.68,1156.68,No,No,No,No,No,No,No,No,No,0.0,0.0,1,0,0,No,0.0,0.0,4.0,74.0,196,No
CUST-00299,24,Male,Rural,Single,0,Bachelor,60,Two Year,Credit Card,Yes,93.28,5545.76,Yes,No,Fiber,No,Yes,No,No,No,No,44.22,1951.36,1,0,1,Yes,246.76,72.29,3.0,-67.0,340,No
CUST-00300,65,Female,Suburban,Single,1,PhD,72,Month-to-Month,Bank Transfer,No,104.1,7659.06,Yes,No,Fiber,Yes,Yes,No,No,No,No,259.62,304.81,2,3,0,No,75.36,20.55,3.0,18.0,268,No
CUST-00301,22,Female,Urban,Married,1,Bachelor,67,Month-to-Month,Bank Transfer,No,133.05,8650.25,Yes,Yes,DSL,Yes,No,No,No,No,No,147.82,492.93,2,1,0,No,95.05,25.01,3.0,-25.0,60,Yes
CUST-00302,36,Female,Urban,Divorced,0,High School,53,Month-to-Month,Bank Transfer,No,120.87,6499.76,Yes,No,Fiber,No,No,No,No,Yes,Yes,269.96,748.49,0,3,0,No,110.74,12.99,4.0,-59.0,266,Yes
CUST-00303,56,Male,Urban,Single,4,PhD,17,Two Year,Electronic,No,101.91,1764.92,Yes,Yes,No,No,No,No,No,No,No,0.0,534.29,3,1,1,Yes,0.0,0.0,4.0,-78.0,96,Yes
CUST-00304,63,Female,Urban,Single,0,Master,53,One Year,Credit Card,No,147.69,7636.15,No,No,No,No,No,No,No,No,No,0.0,0.0,0,0,1,No,0.0,0.0,4.0,-61.0,282,No
CUST-00305,51,Female,Urban,Married,1,Bachelor,28,One Year,Electronic,No,109.14,3086.59,No,No,DSL,No,No,No,No,No,No,426.1,0.0,0,1,0,No,19.86,4.81,3.0,-86.0,246,Yes
CUST-00306,52,Female,Urban,Married,2,PhD,63,Month-to-Month,Credit Card,No,146.81,9420.19,Yes,No,No,No,No,No,No,No,No,0.0,437.13,2,0,0,No,0.0,0.0,3.0,14.0,34,Yes
CUST-00307,66,Male,Urban,Married,1,Bachelor,15,One Year,Credit Card,Yes,27.46,410.53,Yes,No,DSL,Yes,No,No,No,No,No,258.18,657.36,3,3,0,No,41.31,4.9,5.0,-44.0,273,No
CUST-00308,33,Female,Suburban,Married,2,Bachelor,19,Month-to-Month,Mailed Check,Yes,38.06,711.42,Yes,Yes,Fiber,No,No,No,Yes,Yes,No,5.46,1398.36,0,0,0,No,244.15,39.61,3.0,10.0,67,Yes
CUST-00309,57,Male,Rural,Married,1,Bachelor,70,Month-to-Month,Credit Card,No,78.69,5573.91,Yes,No,Fiber,Yes,Yes,No,No,No,No,394.78,1764.14,1,4,1,No,114.83,29.19,4.0,41.0,188,No
CUST-00310,67,Female,Urban,Single,0,Bachelor,47,One Year,Bank Transfer,No,70.03,3448.9,Yes,Yes,DSL,Yes,No,No,No,No,Yes,129.74,1617.13,3,0,0,No,55.66,15.33,2.0,39.0,40,No
CUST-00311,64,Female,Urban,Married,0,Bachelor,71,One Year,Electronic,Yes,121.76,8581.4,Yes,No,DSL,No,No,No,No,Yes,No,408.28,445.95,1,0,0,Yes,92.19,,3.0,6.0,95,Yes
CUST-00312,56,Male,Urban,Single,4,High School,48,Month-to-Month,Bank Transfer,Yes,40.88,1940.99,Yes,No,Fiber,No,No,No,No,No,No,132.82,1174.27,3,0,0,No,93.91,16.51,5.0,16.0,170,No
CUST-00313,44,Female,Suburban,Divorced,0,High School,20,Month-to-Month,Credit Card,No,146.89,2927.35,Yes,No,Fiber,No,Yes,Yes,No,Yes,Yes,5.39,157.04,1,1,0,No,137.53,24.0,5.0,-66.0,66,No
CUST-00314,58,Male,Rural,Single,0,Bachelor,37,Month-to-Month,Bank Transfer,Yes,60.96,2159.88,Yes,No,DSL,No,No,Yes,Yes,Yes,Yes,77.42,690.02,1,2,1,No,52.88,9.59,3.0,52.0,307,Yes
CUST-00315,55,Female,Suburban,Married,1,Bachelor,2,Month-to-Month,Electronic,Yes,75.76,152.33,Yes,Yes,Fiber,Yes,No,No,Yes,No,No,492.84,1631.37,2,4,0,No,107.18,18.77,2.0,-23.0,118,Yes
CUST-00316,67,Male,Rural,Single,0,High School,64,One Year,Credit Card,No,55.72,3504.79,Yes,No,No,No,No,No,No,No,No,0.0,967.66,3,1,0,Yes,0.0,0.0,3.0,-99.0,340,No
CUST-00317,67,Female,Suburban,Married,1,PhD,36,Two Year,Credit Card,No,95.32,3301.52,Yes,Yes,Fiber,Yes,Yes,No,Yes,No,Yes,54.41,384.89,0,2,0,Yes,95.23,16.35,3.0,-83.0,170,Yes
CUST-00318,42,Female,Suburban,Single,2,Bachelor,5,Month-to-Month,Credit Card,No,27.62,137.64,Yes,No,DSL,No,Yes,Yes,No,Yes,Yes,59.38,933.25,1,0,0,No,79.85,8.31,4.0,-66.0,185,No
CUST-00319,43,Male,Urban,Single,3,High School,64,Month-to-Month,Mailed Check,No,39.46,2399.91,Yes,No,DSL,No,Yes,No,Yes,No,Yes,155.17,476.26,3,3,1,No,12.82,2.41,4.0,-92.0,69,Yes
CUST-00320,73,Female,Rural,Single,2,Bachelor,7,Month-to-Month,Bank Transfer,Yes,116.95,810.64,Yes,Yes,Fiber,No,No,No,No,Yes,No,18.82,847.06,1,1,0,No,212.11,30.72,4.0,38.0,244,Yes
CUST-00321,31,Male,Rural,Married,0,Master,70,One Year,Mailed Check,No,44.25,2975.05,Yes,Yes,Fiber,Yes,No,No,No,No,No,255.74,1026.88,5,0,1,Yes,135.93,14.38,4.0,-34.0,158,No
CUST-00322,31,Male,Suburban,Married,1,Bachelor,22,Month-to-Month,Bank Transfer,Yes,50.62,1060.6,Yes,Yes,Fiber,No,Yes,No,Yes,No,No,106.87,764.16,1,0,2,No,242.43,47.07,3.0,-32.0,283,No
CUST-00323,31,Female,Rural,Married,0,High School,46,One Year,Mailed Check,No,123.09,5845.75,Yes,No,No,No,No,No,No,No,No,0.0,1880.24,1,0,0,No,0.0,,4.0,4.0,106,Yes
CUST-00324,42,Female,Urban,Married,0,High School,40,Month-to-Month,Bank Transfer,Yes,32.13,1338.66,Yes,Yes,Fiber,No,No,No,No,No,No,70.38,1168.81,5,1,0,No,192.78,36.73,,-63.0,35,No
CUST-00325,53,Female,Rural,Married,1,Bachelor,61,One Year,Electronic,Yes,76.87,4552.09,Yes,No,DSL,No,Yes,No,No,Yes,No,214.93,1701.5,2,1,0,Yes,54.25,8.44,4.0,-31.0,347,No
CUST-00326,21,Female,Urban,Married,0,Bachelor,46,Two Year,Credit Card,Yes,23.0,1062.08,Yes,No,No,No,No,No,No,No,No,0.0,1545.38,1,0,0,Yes,0.0,0.0,5.0,-20.0,194,No
CUST-00327,64,Female,Urban,Divorced,2,Bachelor,28,Two Year,Electronic,Yes,65.08,1781.91,Yes,Yes,Fiber,Yes,No,Yes,Yes,No,No,31.0,1356.22,2,0,1,Yes,130.91,39.03,4.0,86.0,267,No
CUST-00328,32,Female,Urban,Married,2,Master,35,Two Year,Electronic,No,110.87,3877.87,Yes,No,Fiber,Yes,Yes,No,No,No,Yes,199.37,1044.09,1,0,0,Yes,247.63,51.86,4.0,-35.0,75,No
CUST-00329,49,Female,Rural,Single,3,High School,1,Two Year,Electronic,No,31.71,31.51,Yes,No,No,No,No,No,No,No,No,0.0,104.13,1,1,1,No,0.0,0.0,5.0,-60.0,279,No
CUST-00330,35,Female,Rural,Divorced,3,Master,29,Two Year,Electronic,No,135.48,3838.28,No,No,No,No,No,No,No,No,No,0.0,0.0,3,1,0,Yes,0.0,0.0,4.0,-77.0,320,No
CUST-00331,31,Male,Rural,Single,0,Master,9,Month-to-Month,Bank Transfer,No,138.23,1269.05,Yes,No,Fiber,Yes,No,Yes,No,No,Yes,302.27,776.32,3,0,2,No,93.9,16.41,4.0,77.0,347,Yes
CUST-00332,18,Male,Rural,Married,1,Master,9,Month-to-Month,Credit Card,Yes,33.65,291.53,Yes,Yes,DSL,Yes,Yes,No,Yes,No,Yes,294.27,323.75,3,0,0,No,22.77,3.04,3.0,-96.0,79,Yes
CUST-00333,59,Female,Suburban,Single,0,PhD,22,Month-to-Month,Electronic,No,148.8,3127.19,Yes,Yes,No,No,No,No,No,No,No,,944.79,1,3,1,No,0.0,0.0,5.0,,97,Yes
CUST-00334,37,Female,Rural,Married,1,Master,63,One Year,Bank Transfer,No,58.68,3795.72,Yes,No,Fiber,No,No,No,No,Yes,No,79.44,1497.55,2,0,0,Yes,159.31,28.76,2.0,-95.0,281,Yes
CUST-00335,27,Female,Rural,Single,0,Bachelor,66,Two Year,Bank Transfer,No,30.93,2075.47,Yes,Yes,Fiber,No,No,No,No,Yes,Yes,142.85,1927.19,3,0,0,No,285.3,65.33,4.0,31.0,117,Yes
CUST-00336,27,Male,Suburban,Divorced,0,Bachelor,58,Month-to-Month,Mailed Check,Yes,20.66,1198.03,Yes,No,Fiber,No,Yes,Yes,No,Yes,No,104.84,810.8,2,1,2,No,148.11,14.95,4.0,-92.0,222,No
CUST-00337,41,Female,Urban,Married,1,Bachelor,70,One Year,Credit Card,No,73.11,5101.07,Yes,No,Fiber,Yes,Yes,No,Yes,Yes,No,270.25,1131.17,0,1,1,Yes,287.94,77.94,4.0,-32.0,251,No
CUST-00338,51,Male,Suburban,Single,2,Master,55,One Year,Credit Card,No,101.88,5601.69,Yes,No,No,No,No,No,No,No,No,0.0,1717.36,1,1,2,No,0.0,0.0,4.0,-33.0,79,No
CUST-00339,45,Female,Rural,Single,2,Bachelor,13,Two Year,Electronic,Yes,63.18,816.21,Yes,Yes,Fiber,Yes,No,No,Yes,No,Yes,165.15,734.6,1,1,0,No,215.13,60.27,4.0,25.0,313,Yes
CUST-00340,44,Male,Rural,Married,1,High School,19,One Year,Electronic,No,128.77,2420.49,Yes,Yes,No,No,No,No,No,No,No,0.0,370.29,1,1,1,Yes,0.0,0.0,3.0,36.0,169,No
CUST-00341,57,Male,Rural,Married,1,High School,33,Two Year,Electronic,No,113.16,3734.13,Yes,Yes,No,No,No,No,No,No,No,0.0,635.58,3,0,0,Yes,0.0,0.0,5.0,45.0,156,No
CUST-00342,18,Female,Rural,Married,1,Master,65,Month-to-Month,Credit Card,Yes,65.52,4271.01,Yes,No,No,No,No,No,No,No,No,0.0,1808.33,1,0,0,No,0.0,0.0,4.0,-42.0,333,Yes
CUST-00343,50,Female,Rural,Single,2,Master,60,Month-to-Month,Mailed Check,No,115.46,7060.56,Yes,No,Fiber,No,No,No,Yes,No,No,58.27,402.85,0,1,0,No,271.28,34.82,5.0,70.0,327,No
CUST-00344,21,Male,Suburban,Married,0,Bachelor,12,One Year,Electronic,No,142.26,1743.22,Yes,Yes,No,No,No,No,No,No,No,0.0,725.52,3,1,0,Yes,0.0,0.0,3.0,-21.0,1,Yes
CUST-00345,24,Male,Suburban,Married,2,Bachelor,43,Month-to-Month,Electronic,No,32.1,1363.51,Yes,Yes,Fiber,No,Yes,No,No,Yes,Yes,184.12,982.82,2,0,2,No,149.8,21.07,4.0,93.0,202,Yes
CUST-00346,26,Male,Urban,Single,2,Bachelor,17,Month-to-Month,Electronic,Yes,59.79,1007.7,Yes,No,DSL,Yes,Yes,Yes,No,No,Yes,432.63,1709.52,3,1,1,No,26.04,7.28,4.0,-72.0,257,Yes
CUST-00347,33,Male,Suburban,Single,0,High School,68,One Year,Bank Transfer,No,80.23,5386.89,Yes,Yes,No,No,No,No,No,No,No,0.0,1881.66,2,3,0,Yes,0.0,0.0,3.0,75.0,250,No
CUST-00348,22,Male,Suburban,Married,0,Bachelor,29,Two Year,Credit Card,Yes,84.74,2466.4,Yes,No,Fiber,No,Yes,No,No,No,No,187.36,909.04,2,2,0,No,261.82,43.3,5.0,-50.0,145,Yes
CUST-00349,51,Female,Rural,Divorced,0,Bachelor,55,One Year,Credit Card,Yes,90.49,4953.48,Yes,No,DSL,No,No,No,No,Yes,No,167.72,1870.71,2,0,0,No,17.07,4.84,1.0,69.0,324,No
CUST-00350,40,Female,Suburban,Single,1,PhD,7,Month-to-Month,Electronic,No,59.08,429.68,Yes,No,DSL,No,Yes,Yes,Yes,No,Yes,496.58,406.77,5,2,0,No,76.02,7.8,4.0,-65.0,274,Yes
CUST-00351,60,Male,Urban,Married,3,Bachelor,44,One Year,Credit Card,No,106.74,4788.95,Yes,Yes,DSL,No,No,Yes,Yes,Yes,Yes,492.77,398.02,0,2,0,No,90.29,12.53,4.0,-25.0,18,No
CUST-00352,67,Female,Urban,Single,1,Bachelor,5,Month-to-Month,Electronic,No,103.86,540.01,Yes,No,Fiber,Yes,Yes,No,No,No,Yes,,1903.58,2,0,0,No,86.3,15.91,4.0,4.0,251,Yes
CUST-00353,42,Male,Suburban,Married,1,Master,60,Month-to-Month,Credit Card,Yes,95.12,5826.36,Yes,Yes,Fiber,No,Yes,Yes,No,No,No,314.97,1068.39,2,0,0,No,70.7,16.98,4.0,-56.0,283,No
CUST-00354,74,Male,Suburban,Married,4,Bachelor,6,One Year,Electronic,Yes,34.79,218.57,No,No,DSL,No,Yes,Yes,No,No,Yes,267.76,0.0,2,0,0,No,50.05,11.49,2.0,0.0,330,No
CUST-00355,68,Male,Urban,Single,0,High School,7,Month-to-Month,Bank Transfer,No,82.01,581.83,No,No,No,No,No,No,No,No,No,0.0,0.0,2,3,0,No,0.0,0.0,4.0,62.0,49,Yes
CUST-00356,30,Female,Urban,Married,0,Bachelor,46,Month-to-Month,Credit Card,Yes,66.31,3191.63,Yes,No,DSL,No,No,No,No,No,No,83.89,1588.1,0,1,1,No,74.25,20.49,3.0,3.0,310,No
CUST-00357,41,Male,Suburban,Divorced,1,Master,57,Two Year,Bank Transfer,No,83.84,4615.25,Yes,No,Fiber,No,No,No,Yes,Yes,No,494.63,1671.15,3,2,0,Yes,130.38,16.19,4.0,-95.0,136,Yes
CUST-00358,28,Male,Urban,Divorced,2,Bachelor,54,Month-to-Month,Credit Card,No,139.84,7213.56,No,No,Fiber,No,Yes,No,No,Yes,No,,0.0,1,2,0,No,137.85,28.18,3.0,64.0,225,Yes
CUST-00359,69,Male,Urban,Single,2,Bachelor,46,Two Year,Credit Card,No,82.47,3823.59,Yes,No,Fiber,No,No,No,No,Yes,Yes,62.9,1182.18,0,1,1,Yes,252.39,61.86,4.0,-65.0,220,No
CUST-00360,68,Male,Urban,Single,1,PhD,10,One Year,Electronic,Yes,21.82,228.72,Yes,No,Fiber,No,No,Yes,No,No,No,107.4,1747.2,3,0,0,Yes,233.87,53.14,4.0,43.0,112,No
CUST-00361,34,Male,Suburban,Divorced,4,Master,4,Two Year,Credit Card,No,77.05,305.66,Yes,Yes,DSL,No,Yes,Yes,No,Yes,No,134.17,1069.06,1,2,0,No,40.79,7.74,5.0,99.0,148,No
CUST-00362,54,Female,Suburban,Single,2,Bachelor,67,Month-to-Month,Credit Card,No,126.68,8243.43,Yes,Yes,No,No,No,No,No,No,No,0.0,1253.41,1,1,2,No,0.0,0.0,4.0,-79.0,47,Yes
CUST-00363,30,Female,Urban,Married,0,Master,25,One Year,Credit Card,Yes,121.41,3041.74,Yes,No,DSL,No,No,Yes,Yes,No,Yes,167.77,1541.57,4,4,1,Yes,11.09,1.24,3.0,-32.0,57,Yes
CUST-00364,44,Female,Rural,Single,2,Master,61,Month-to-Month,Bank Transfer,Yes,86.74,5369.92,Yes,No,No,No,No,No,No,No,No,0.0,908.33,1,1,0,No,0.0,0.0,4.0,-32.0,196,No
CUST-00365,37,Male,Urban,Married,0,PhD,38,Two Year,Bank Transfer,Yes,52.47,1957.01,Yes,No,Fiber,Yes,Yes,No,Yes,No,Yes,83.25,239.8,4,0,0,Yes,207.27,34.95,4.0,-38.0,224,No
CUST-00366,50,Male,Urban,Single,2,PhD,32,Month-to-Month,Bank Transfer,Yes,80.46,2630.07,Yes,No,Fiber,No,No,Yes,No,Yes,No,163.36,765.32,2,1,0,No,65.45,8.09,3.0,-26.0,136,Yes
CUST-00367,59,Male,Urban,Divorced,0,Bachelor,23,Month-to-Month,Electronic,No,93.28,2247.4,Yes,No,Fiber,Yes,No,No,Yes,Yes,Yes,35.16,1285.49,2,1,2,No,70.38,13.04,3.0,6.0,194,No
CUST-00368,49,Male,Urban,Divorced,2,Bachelor,37,Two Year,Credit Card,No,149.98,5769.67,No,No,DSL,No,Yes,No,Yes,No,No,444.86,0.0,1,1,0,Yes,23.18,3.15,4.0,-82.0,205,No
CUST-00369,25,Female,Urban,Single,1,High School,3,Month-to-Month,Electronic,No,103.74,304.74,Yes,No,Fiber,No,No,No,Yes,No,No,99.38,381.93,2,0,0,No,191.48,48.99,3.0,1.0,17,Yes
CUST-00370,73,Male,Urban,Married,3,Bachelor,13,Month-to-Month,Bank Transfer,Yes,110.25,1408.47,Yes,Yes,No,No,No,No,No,No,No,0.0,656.85,0,1,0,No,0.0,0.0,3.0,25.0,267,Yes
CUST-00371,46,Male,Suburban,Married,1,Master,34,Month-to-Month,Credit Card,No,83.89,2815.59,Yes,No,DSL,No,Yes,Yes,No,No,Yes,174.78,161.01,1,2,2,No,24.07,4.28,2.0,26.0,214,Yes
CUST-00372,57,Female,Suburban,Single,2,Master,65,One Year,Electronic,Yes,66.08,4250.14,Yes,Yes,Fiber,No,Yes,No,Yes,No,No,237.2,1512.5,7,0,0,Yes,122.62,24.8,3.0,45.0,205,No
CUST-00373,36,Male,Suburban,Married,0,Bachelor,8,Month-to-Month,Bank Transfer,No,125.68,965.28,No,No,Fiber,No,No,No,No,Yes,No,145.63,0.0,4,0,1,No,262.86,76.41,1.0,13.0,123,Yes
CUST-00374,23,Female,Suburban,Married,4,Bachelor,9,Month-to-Month,Credit Card,No,84.34,778.96,Yes,No,Fiber,Yes,Yes,Yes,Yes,No,Yes,348.22,336.05,2,1,1,No,75.33,15.6,4.0,-28.0,15,No
CUST-00375,61,Male,Urban,Single,3,Bachelor,28,Month-to-Month,Credit Card,No,149.31,4124.37,Yes,Yes,DSL,No,Yes,No,No,No,No,422.27,1428.35,0,1,0,No,30.47,9.11,2.0,13.0,164,Yes
CUST-00376,56,Female,Rural,Single,0,Bachelor,18,One Year,Electronic,No,79.43,1483.96,Yes,Yes,Fiber,No,Yes,No,Yes,Yes,Yes,143.14,1701.56,4,1,0,Yes,156.1,20.05,3.0,44.0,147,Yes
CUST-00377,65,Male,Urban,Divorced,4,Master,42,Two Year,Credit Card,No,28.84,1263.0,Yes,Yes,No,No,No,No,No,No,No,0.0,137.76,2,1,0,Yes,0.0,0.0,3.0,-60.0,275,Yes
CUST-00378,58,Female,Suburban,Divorced,1,Bachelor,41,Month-to-Month,Mailed Check,No,108.74,4246.13,Yes,No,DSL,No,No,Yes,Yes,No,Yes,340.72,543.84,2,0,1,No,26.76,5.34,,60.0,232,No
CUST-00379,38,Male,Urban,Married,2,High School,70,Month-to-Month,Credit Card,No,26.06,1913.56,Yes,No,Fiber,No,No,Yes,No,Yes,No,97.58,1895.94,1,2,1,No,299.28,31.29,5.0,82.0,24,No
CUST-00380,74,Female,Rural,Single,2,Bachelor,33,Month-to-Month,Mailed Check,Yes,52.57,1771.08,Yes,No,Fiber,No,Yes,Yes,No,No,No,319.92,831.98,3,2,0,No,138.82,40.87,4.0,-19.0,267,No
CUST-00381,39,Male,Suburban,Married,0,High School,54,Month-to-Month,Electronic,No,65.99,3570.51,Yes,No,Fiber,Yes,No,Yes,Yes,Yes,Yes,47.21,1883.32,3,1,2,No,146.61,42.96,4.0,51.0,364,No
CUST-00382,59,Female,Urban,Single,4,PhD,36,Month-to-Month,Credit Card,No,116.13,4134.6,No,No,Fiber,No,No,No,Yes,No,No,310.07,0.0,1,0,2,No,80.53,14.23,4.0,-24.0,294,Yes
CUST-00383,27,Male,Suburban,Divorced,1,Bachelor,56,One Year,Bank Transfer,Yes,84.25,4726.77,No,No,Fiber,Yes,Yes,Yes,Yes,Yes,No,256.7,0.0,2,0,0,Yes,220.05,64.0,1.0,67.0,70,Yes
CUST-00384,27,Male,Urban,Single,0,Master,17,One Year,Credit Card,Yes,23.72,396.23,No,No,DSL,No,Yes,No,Yes,No,No,56.95,0.0,1,2,1,No,55.73,7.14,2.0,-73.0,199,Yes
CUST-00385,69,Female,Suburban,Married,3,High School,10,Two Year,Electronic,No,100.19,1014.2,No,No,No,No,No,No,No,No,No,0.0,0.0,0,0,1,No,0.0,0.0,2.0,9.0,46,Yes
CUST-00386,46,Female,Suburban,Married,2,High School,44,Month-to-Month,Credit Card,Yes,73.49,3101.81,Yes,Yes,No,No,No,No,No,No,No,0.0,1803.22,4,2,1,No,0.0,0.0,2.0,94.0,24,Yes
CUST-00387,33,Male,Urban,Married,0,Bachelor,2,One Year,Credit Card,Yes,139.84,283.06,Yes,Yes,DSL,No,Yes,Yes,No,Yes,No,108.56,1961.69,1,5,0,No,68.85,10.28,3.0,66.0,212,No
CUST-00388,18,Female,Urban,Married,0,Master,14,One Year,Bank Transfer,No,84.94,1162.49,Yes,Yes,Fiber,Yes,Yes,Yes,Yes,Yes,Yes,176.69,1913.57,4,0,1,Yes,264.17,67.59,4.0,-80.0,32,No
CUST-00389,34,Male,Urban,Married,2,Bachelor,41,One Year,Bank Transfer,No,112.17,4377.01,Yes,No,Fiber,Yes,Yes,Yes,No,Yes,No,,1718.85,3,3,0,Yes,234.73,41.19,2.0,64.0,213,Yes
CUST-00390,47,Female,Suburban,Married,0,High School,2,Two Year,Bank Transfer,No,48.45,97.42,Yes,No,No,No,No,No,No,No,No,0.0,1709.09,1,2,0,No,0.0,0.0,5.0,29.0,210,No
CUST-00391,43,Female,Urban,Married,4,High School,19,Month-to-Month,Bank Transfer,Yes,118.93,2277.33,Yes,No,No,No,No,No,No,No,No,0.0,1356.06,3,2,0,No,0.0,0.0,,-95.0,28,No
CUST-00392,70,Female,Suburban,Single,2,Bachelor,1,Month-to-Month,Electronic,Yes,113.72,112.89,No,No,No,No,No,No,No,No,No,0.0,0.0,1,0,1,No,0.0,0.0,5.0,-49.0,258,Yes
CUST-00393,63,Female,Rural,Married,1,High School,2,One Year,Credit Card,Yes,137.53,263.3,Yes,Yes,DSL,Yes,Yes,Yes,Yes,No,No,51.27,495.85,0,0,1,No,87.01,20.59,1.0,-96.0,38,Yes
CUST-00394,36,Female,Urban,Divorced,1,Bachelor,27,Month-to-Month,Bank Transfer,Yes,24.4,684.62,Yes,No,No,No,No,No,No,No,No,0.0,837.03,2,1,1,No,0.0,0.0,5.0,74.0,259,Yes
CUST-00395,70,Male,Rural,Single,1,Bachelor,2,Month-to-Month,Mailed Check,Yes,78.18,158.09,Yes,Yes,No,No,No,No,No,No,No,0.0,1317.59,0,0,0,No,0.0,0.0,,-58.0,164,Yes
CUST-00396,38,Female,Suburban,Single,1,High School,51,Month-to-Month,Electronic,No,108.29,5310.57,Yes,No,Fiber,No,Yes,No,Yes,No,No,298.4,1762.07,3,0,1,No,166.78,25.59,5.0,-5.0,94,Yes
CUST-00397,34,Male,Urban,Single,3,High School,10,Month-to-Month,Credit Card,Yes,32.37,324.07,Yes,No,Fiber,Yes,Yes,No,No,Yes,No,138.57,1354.89,2,0,1,No,244.27,43.63,4.0,0.0,219,No
CUST-00398,63,Female,Urban,Single,5,High School,19,One Year,Electronic,Yes,73.38,1393.81,Yes,No,Fiber,Yes,No,Yes,Yes,No,No,366.7,1694.14,2,2,0,Yes,89.56,14.3,4.0,13.0,267,No
CUST-00399,57,Female,Suburban,Married,2,PhD,13,Month-to-Month,Electronic,Yes,142.48,1770.8,Yes,No,Fiber,Yes,No,No,Yes,No,No,361.5,1000.5,2,2,2,No,80.83,18.49,1.0,-61.0,117,Yes
CUST-00400,38,Male,Urban,Married,1,Bachelor,48,Month-to-Month,Credit Card,Yes,76.67,3719.56,Yes,No,DSL,Yes,Yes,Yes,No,Yes,No,276.02,1462.88,4,0,1,No,92.3,11.1,1.0,38.0,65,Yes
CUST-00401,70,Female,Urban,Married,0,Master,56,One Year,Credit Card,Yes,148.1,8549.46,Yes,No,DSL,Yes,Yes,No,No,Yes,Yes,120.46,1961.96,0,1,0,Yes,34.87,6.82,2.0,41.0,192,Yes
CUST-00402,58,Female,Urban,Single,2,Bachelor,72,One Year,Electronic,Yes,27.39,2021.12,Yes,Yes,DSL,Yes,Yes,No,Yes,Yes,No,126.85,391.63,0,1,0,Yes,61.8,10.31,5.0,-99.0,319,No
CUST-00403,57,Female,Suburban,Married,2,Master,56,Two Year,Bank Transfer,No,113.32,6157.31,Yes,No,Fiber,No,No,No,No,Yes,Yes,191.43,1861.15,2,0,1,Yes,54.86,15.19,1.0,66.0,34,No
CUST-00404,62,Male,Suburban,Married,2,High School,50,Month-to-Month,Bank Transfer,Yes,95.53,4949.66,Yes,Yes,DSL,No,Yes,Yes,No,No,Yes,72.51,1092.49,3,0,0,No,,3.93,2.0,90.0,174,No
CUST-00405,66,Male,Suburban,Divorced,0,Bachelor,45,Two Year,Mailed Check,Yes,85.07,3767.88,Yes,No,Fiber,Yes,Yes,Yes,Yes,Yes,Yes,168.83,1322.11,3,1,1,No,114.35,30.41,5.0,-38.0,111,Yes
CUST-00406,36,Female,Urban,Single,3,Master,59,One Year,Electronic,Yes,146.21,9011.58,Yes,Yes,DSL,No,Yes,No,No,No,Yes,342.18,1767.95,1,0,0,No,53.83,7.19,,18.0,307,No
CUST-00407,24,Male,Rural,Married,1,Master,39,Two Year,Credit Card,Yes,36.85,1375.77,Yes,Yes,No,No,No,No,No,No,No,0.0,878.34,1,2,0,No,0.0,0.0,5.0,45.0,289,No
CUST-00408,34,Male,Rural,Divorced,2,Master,21,Month-to-Month,Credit Card,Yes,136.48,2862.12,Yes,No,No,No,No,No,No,No,No,0.0,895.52,0,0,0,No,0.0,0.0,4.0,-7.0,339,Yes
CUST-00409,18,Female,Urban,Married,3,Master,55,One Year,Electronic,Yes,109.86,6101.06,Yes,Yes,No,No,No,No,No,No,No,0.0,1101.65,2,0,0,Yes,0.0,0.0,1.0,,79,No
CUST-00410,54,Male,Urban,Married,2,High School,57,Two Year,Credit Card,Yes,53.67,2981.96,Yes,No,Fiber,No,Yes,No,No,No,Yes,416.32,136.29,2,2,0,Yes,196.96,40.22,1.0,28.0,110,No
CUST-00411,74,Female,Rural,Single,1,Bachelor,41,Two Year,Bank Transfer,No,137.22,5778.57,Yes,Yes,DSL,No,No,No,Yes,Yes,No,445.35,1043.67,4,1,0,No,52.35,15.58,4.0,44.0,91,Yes
CUST-00412,23,Female,Rural,Divorced,2,Bachelor,70,Month-to-Month,Electronic,Yes,75.81,5373.92,Yes,No,Fiber,Yes,No,No,No,No,No,205.01,653.07,3,0,0,No,256.39,27.4,5.0,-47.0,185,No
CUST-00413,43,Female,Suburban,Married,0,Master,49,Month-to-Month,Mailed Check,Yes,125.85,5869.46,Yes,No,DSL,No,Yes,Yes,No,Yes,No,13.45,1863.11,0,1,2,No,28.74,5.53,5.0,21.0,40,No
CUST-00414,19,Male,Rural,Divorced,3,Bachelor,44,One Year,Bank Transfer,Yes,70.55,3137.78,Yes,No,No,No,No,No,No,No,No,0.0,266.7,2,2,0,Yes,0.0,0.0,3.0,23.0,86,Yes
CUST-00415,49,Male,Suburban,Married,0,Master,35,Two Year,Bank Transfer,Yes,130.62,4567.84,Yes,Yes,DSL,No,Yes,Yes,Yes,No,No,392.02,972.71,2,1,0,No,58.35,9.8,3.0,66.0,223,Yes
CUST-00416,74,Male,Urban,Married,1,Bachelor,5,Month-to-Month,Bank Transfer,Yes,102.76,498.19,Yes,Yes,Fiber,Yes,No,No,No,No,Yes,9.01,1900.19,1,2,1,No,158.87,26.43,3.0,75.0,50,Yes
CUST-00417,65,Female,Suburban,Married,0,Bachelor,71,One Year,Credit Card,Yes,38.34,2856.8,Yes,No,Fiber,Yes,No,Yes,No,Yes,Yes,297.52,1811.97,5,0,0,Yes,273.91,76.42,4.0,-35.0,125,No
CUST-00418,71,Male,Suburban,Single,3,Bachelor,51,One Year,Bank Transfer,Yes,104.46,5538.85,Yes,Yes,No,No,No,No,No,No,No,0.0,1432.56,0,1,0,Yes,0.0,0.0,3.0,42.0,145,No
CUST-00419,22,Female,Rural,Single,2,Bachelor,57,Two Year,Credit Card,Yes,44.87,2504.79,Yes,Yes,Fiber,Yes,No,Yes,No,No,No,189.35,1219.79,0,0,1,Yes,229.7,58.57,2.0,-79.0,40,No
CUST-00420,54,Female,Urban,Married,2,Master,58,One Year,Bank Transfer,Yes,73.55,4283.42,No,No,Fiber,No,Yes,No,No,Yes,No,374.88,0.0,3,1,0,Yes,143.59,21.62,4.0,-81.0,354,No
CUST-00421,48,Female,Suburban,Married,2,Bachelor,36,Month-to-Month,Electronic,Yes,42.14,1489.15,Yes,No,Fiber,Yes,No,No,Yes,No,Yes,214.09,797.22,2,0,0,No,255.01,45.05,4.0,-8.0,362,No
CUST-00422,29,Male,Suburban,Married,3,Master,10,Two Year,Electronic,Yes,22.86,234.92,Yes,Yes,Fiber,No,Yes,No,Yes,No,Yes,338.39,271.26,3,2,1,No,56.47,10.39,1.0,70.0,23,Yes
CUST-00423,52,Male,Urban,Married,0,Master,50,One Year,Credit Card,No,47.55,2479.56,Yes,Yes,DSL,No,Yes,No,No,Yes,No,258.56,1593.61,3,0,2,No,38.46,6.19,4.0,83.0,302,No
CUST-00424,47,Female,Urban,Single,2,Bachelor,37,One Year,Electronic,No,89.73,3273.08,Yes,Yes,No,No,No,No,No,No,No,0.0,715.35,1,0,1,No,0.0,0.0,4.0,51.0,283,No
CUST-00425,65,Male,Rural,Married,2,Master,20,Month-to-Month,Credit Card,No,82.6,1702.54,Yes,No,Fiber,No,No,No,Yes,No,Yes,303.25,1368.79,4,0,0,No,122.81,15.09,4.0,-58.0,35,Yes
CUST-00426,23,Male,Urban,Married,0,Bachelor,13,One Year,Credit Card,No,85.19,1107.35,Yes,Yes,DSL,No,No,No,Yes,No,No,368.45,779.43,4,2,1,Yes,61.79,9.86,4.0,-80.0,276,No
CUST-00427,32,Male,Suburban,Single,0,Bachelor,19,Month-to-Month,Bank Transfer,No,52.2,981.53,Yes,No,No,No,No,No,No,No,No,0.0,982.23,0,2,0,No,0.0,0.0,4.0,-53.0,183,No
CUST-00428,32,Female,Rural,Divorced,0,High School,56,Month-to-Month,Credit Card,No,109.07,6375.76,Yes,Yes,Fiber,Yes,No,Yes,Yes,No,Yes,190.05,1154.5,3,2,2,No,157.34,19.97,4.0,-35.0,324,No
CUST-00429,33,Female,Urban,Married,0,Bachelor,45,One Year,Credit Card,No,111.55,5025.16,Yes,Yes,No,No,No,No,No,No,No,0.0,1623.52,5,1,0,Yes,0.0,0.0,5.0,14.0,153,No
CUST-00430,37,Female,Rural,Married,1,Bachelor,60,One Year,Electronic,Yes,66.54,3979.14,Yes,No,No,No,No,No,No,No,No,0.0,501.2,2,1,0,No,0.0,0.0,4.0,-85.0,181,No
CUST-00431,30,Female,Suburban,Married,0,Master,68,One Year,Credit Card,Yes,134.55,9307.31,Yes,Yes,No,No,No,No,No,No,No,0.0,857.65,0,2,1,Yes,0.0,0.0,4.0,67.0,299,No
CUST-00432,61,Male,Suburban,Single,2,Bachelor,57,Month-to-Month,Credit Card,No,103.72,5771.05,Yes,No,DSL,No,Yes,Yes,No,No,Yes,473.23,347.15,1,1,1,No,55.77,10.36,4.0,-80.0,153,Yes
CUST-00433,59,Female,Urban,Married,0,High School,54,One Year,Bank Transfer,No,112.7,5978.91,Yes,No,DSL,Yes,Yes,No,No,No,Yes,51.91,243.94,1,0,0,Yes,32.67,4.39,4.0,79.0,149,No
CUST-00434,63,Male,Rural,Married,0,Bachelor,37,Month-to-Month,Electronic,Yes,56.05,2163.61,Yes,Yes,No,No,No,No,No,No,No,0.0,1248.88,3,1,0,No,0.0,0.0,2.0,0.0,1,Yes
CUST-00435,48,Female,Urban,Divorced,4,High School,37,One Year,Electronic,No,20.08,756.21,Yes,No,No,No,No,No,No,No,No,0.0,459.27,1,1,0,Yes,0.0,0.0,3.0,-93.0,296,Yes
CUST-00436,51,Male,Urban,Married,1,Master,14,Month-to-Month,Credit Card,Yes,132.5,1915.57,Yes,Yes,Fiber,No,No,No,No,Yes,Yes,417.76,213.62,0,0,1,No,207.91,44.39,4.0,9.0,53,Yes
CUST-00437,46,Male,Urban,Single,0,Master,44,One Year,Credit Card,Yes,126.92,5456.45,Yes,Yes,Fiber,Yes,Yes,No,Yes,Yes,Yes,440.17,1804.49,2,0,0,No,72.61,15.53,3.0,82.0,245,Yes
CUST-00438,20,Female,Urban,Married,2,Bachelor,42,Two Year,Credit Card,Yes,36.01,1519.25,Yes,Yes,DSL,No,Yes,Yes,Yes,No,Yes,250.66,1115.2,2,1,0,Yes,59.21,10.34,3.0,,45,No
CUST-00439,26,Male,Suburban,Single,0,Master,1,Month-to-Month,Bank Transfer,Yes,68.63,71.87,Yes,No,No,No,No,No,No,No,No,0.0,355.79,0,0,1,No,0.0,0.0,4.0,-43.0,74,Yes
CUST-00440,28,Female,Rural,Single,0,Bachelor,23,Month-to-Month,Electronic,Yes,105.97,2393.22,Yes,Yes,DSL,No,No,Yes,Yes,No,No,63.56,201.51,2,0,1,No,18.59,5.0,1.0,-96.0,148,Yes
CUST-00441,28,Male,Rural,Married,0,Bachelor,64,One Year,Credit Card,No,104.77,6477.89,Yes,No,DSL,Yes,Yes,No,No,No,No,294.08,327.73,3,0,0,Yes,58.94,15.68,4.0,,2,No
CUST-00442,42,Male,Urban,Married,4,High School,28,One Year,Credit Card,No,131.85,3695.69,Yes,No,Fiber,No,Yes,No,Yes,No,No,253.19,995.54,0,0,0,Yes,292.8,86.33,4.0,10.0,8,No
CUST-00443,39,Male,Urban,Single,2,Bachelor,4,One Year,Electronic,No,38.23,151.22,Yes,Yes,DSL,No,No,No,No,Yes,No,347.39,1370.08,1,0,0,No,88.0,16.85,3.0,8.0,1,No
CUST-00444,59,Female,Suburban,Married,3,Master,41,One Year,Bank Transfer,Yes,75.89,3005.65,Yes,No,No,No,No,No,No,No,No,0.0,1318.43,2,1,0,Yes,0.0,0.0,3.0,-71.0,237,No
CUST-00445,63,Male,Urban,Married,5,High School,60,Month-to-Month,Credit Card,No,32.64,2034.44,Yes,No,DSL,No,No,Yes,Yes,No,No,,374.4,1,2,1,No,45.41,11.49,2.0,-6.0,27,Yes
CUST-00446,26,Female,Rural,Single,4,Bachelor,18,Month-to-Month,Credit Card,Yes,70.65,1334.06,Yes,No,DSL,No,Yes,Yes,No,Yes,No,10.68,1303.63,0,1,0,No,68.53,12.07,3.0,-92.0,289,Yes
CUST-00447,37,Male,Rural,Married,2,Bachelor,63,Month-to-Month,Bank Transfer,Yes,21.96,1393.22,No,No,Fiber,No,No,Yes,No,No,No,305.07,0.0,1,1,0,No,70.75,9.77,3.0,-6.0,180,No
CUST-00448,38,Male,Rural,Single,2,High School,61,Month-to-Month,Electronic,No,136.78,8572.48,Yes,No,Fiber,No,Yes,No,No,No,Yes,211.57,983.01,1,1,1,No,178.04,35.01,3.0,-6.0,314,No
CUST-00449,27,Male,Urban,Married,1,Bachelor,49,One Year,Bank Transfer,Yes,88.52,4492.99,No,No,DSL,No,No,No,No,No,Yes,459.88,0.0,2,0,1,Yes,52.86,15.07,4.0,-60.0,265,Yes
CUST-00450,39,Female,Suburban,Married,0,High School,47,Month-to-Month,Credit Card,Yes,130.47,6255.54,Yes,No,Fiber,No,No,Yes,Yes,Yes,Yes,320.89,731.75,1,2,1,No,133.91,17.98,4.0,-50.0,82,No
CUST-00451,46,Female,Urban,Married,2,Master,39,Two Year,Credit Card,Yes,27.79,1034.32,Yes,No,Fiber,No,No,No,Yes,Yes,No,199.35,379.3,5,2,0,Yes,208.9,,4.0,84.0,348,No
CUST-00452,26,Male,Urban,Divorced,2,Master,6,Two Year,Bank Transfer,No,49.57,287.23,Yes,No,No,No,No,No,No,No,No,0.0,1759.56,3,0,0,No,0.0,0.0,4.0,100.0,252,Yes
CUST-00453,22,Female,Suburban,Single,4,Bachelor,53,Two Year,Bank Transfer,Yes,53.72,2724.98,Yes,No,DSL,No,No,No,Yes,No,Yes,452.64,503.05,1,2,1,Yes,12.02,1.53,2.0,-40.0,257,No
CUST-00454,57,Female,Rural,Married,1,Master,25,Two Year,Credit Card,No,70.27,1670.65,No,No,No,No,No,No,No,No,No,0.0,0.0,2,1,0,Yes,0.0,0.0,3.0,-95.0,47,No
CUST-00455,28,Male,Rural,Married,2,High School,65,Month-to-Month,Bank Transfer,No,124.37,7927.38,Yes,No,Fiber,Yes,Yes,No,No,No,No,163.46,1442.52,3,4,0,No,278.74,81.93,1.0,18.0,133,Yes
CUST-00456,18,Female,Rural,Married,2,Bachelor,5,Two Year,Credit Card,No,70.25,347.48,Yes,No,DSL,No,No,Yes,No,No,No,471.75,1398.75,2,0,0,No,85.04,13.46,5.0,-75.0,299,No
CUST-00457,70,Male,Rural,Married,0,Bachelor,65,Month-to-Month,Credit Card,No,46.6,2950.87,Yes,Yes,DSL,Yes,No,No,No,Yes,Yes,327.02,1620.76,3,1,0,No,44.99,7.23,5.0,-95.0,198,No
CUST-00458,59,Female,Urban,Married,2,High School,8,Month-to-Month,Electronic,Yes,28.45,217.68,Yes,No,Fiber,No,Yes,Yes,No,Yes,No,266.36,449.35,3,2,1,No,193.96,,2.0,-48.0,291,Yes
CUST-00459,18,Female,Suburban,Married,1,Master,39,Two Year,Electronic,Yes,30.33,1186.56,No,No,DSL,No,No,Yes,No,No,Yes,101.77,0.0,3,1,0,Yes,91.53,24.06,4.0,-40.0,135,No
CUST-00460,71,Male,Urban,Single,1,High School,43,Month-to-Month,Bank Transfer,Yes,118.81,4992.86,Yes,Yes,DSL,Yes,Yes,No,No,No,Yes,416.69,339.18,2,1,0,No,92.04,,5.0,60.0,82,No
CUST-00461,56,Male,Urban,Married,1,Master,5,Two Year,Electronic,Yes,77.82,400.64,No,No,DSL,No,No,No,No,Yes,Yes,102.1,0.0,1,0,1,No,80.48,11.65,4.0,72.0,265,No
CUST-00462,63,Female,Suburban,Married,0,Bachelor,4,One Year,Electronic,No,114.4,435.1,Yes,Yes,Fiber,Yes,No,No,No,No,No,124.13,655.88,2,4,0,No,254.16,61.3,4.0,-7.0,357,Yes
CUST-00463,22,Female,Suburban,Married,1,High School,1,Two Year,Bank Transfer,Yes,108.7,112.42,Yes,Yes,Fiber,Yes,No,No,Yes,No,Yes,95.93,1408.98,0,1,0,No,63.29,11.46,3.0,-61.0,218,No
CUST-00464,66,Female,Suburban,Divorced,2,Master,56,Month-to-Month,Electronic,Yes,37.6,2201.18,Yes,No,DSL,Yes,Yes,No,No,No,No,79.07,100.65,2,0,1,No,,3.17,3.0,-77.0,348,No
CUST-00465,39,Male,Urban,Single,1,Bachelor,45,One Year,Electronic,No,38.58,1773.41,No,No,Fiber,No,No,No,No,Yes,No,476.66,0.0,2,1,0,No,250.49,68.75,4.0,-9.0,18,No
CUST-00466,43,Male,Urban,Married,1,Bachelor,65,Month-to-Month,Credit Card,No,118.19,7862.14,Yes,No,Fiber,No,No,Yes,No,No,Yes,301.02,921.86,1,1,0,No,190.26,53.93,4.0,-56.0,17,No
CUST-00467,70,Male,Urban,Married,0,Bachelor,3,Two Year,Credit Card,No,113.76,356.09,Yes,Yes,DSL,Yes,Yes,No,No,Yes,Yes,318.92,1920.55,2,1,1,No,69.61,20.16,,-63.0,178,No
CUST-00468,23,Male,Urban,Divorced,0,High School,22,Month-to-Month,Bank Transfer,No,69.14,1476.91,Yes,Yes,No,No,No,No,No,No,No,0.0,1792.62,2,1,0,No,0.0,0.0,2.0,56.0,22,No
CUST-00469,49,Female,Urban,Divorced,1,Master,72,One Year,Credit Card,No,30.06,2271.73,Yes,Yes,Fiber,Yes,No,No,Yes,No,No,115.29,1988.62,2,1,0,Yes,65.15,18.4,5.0,7.0,314,No
CUST-00470,65,Female,Suburban,Single,1,Bachelor,56,Month-to-Month,Credit Card,No,21.57,1241.11,Yes,Yes,No,No,No,No,No,No,No,0.0,891.98,4,3,1,No,0.0,0.0,5.0,35.0,243,No
CUST-00471,28,Female,Rural,Single,2,High School,18,Month-to-Month,Bank Transfer,Yes,57.46,1057.72,Yes,No,DSL,Yes,Yes,No,No,Yes,Yes,299.44,188.48,2,0,1,No,15.36,2.01,2.0,-37.0,106,No
CUST-00472,27,Male,Urban,Married,3,Master,25,One Year,Credit Card,No,21.2,522.61,Yes,No,No,No,No,No,No,No,No,0.0,681.32,3,0,1,Yes,0.0,0.0,1.0,-14.0,130,Yes
CUST-00473,64,Female,Suburban,Married,0,Bachelor,48,Month-to-Month,Credit Card,Yes,49.91,2406.62,Yes,Yes,Fiber,Yes,No,Yes,Yes,No,No,238.83,1383.96,1,0,0,No,118.78,12.5,4.0,6.0,9,No
CUST-00474,56,Female,Urban,Divorced,0,High School,31,One Year,Bank Transfer,Yes,74.54,2346.15,Yes,No,Fiber,No,No,Yes,No,Yes,Yes,30.94,356.81,3,2,3,No,208.34,50.35,3.0,100.0,198,No
CUST-00475,72,Female,Rural,Married,1,Bachelor,30,Month-to-Month,Credit Card,Yes,35.78,1086.44,Yes,No,Fiber,No,No,Yes,No,Yes,Yes,227.22,669.95,1,0,1,No,294.09,72.56,3.0,-50.0,304,Yes
CUST-00476,51,Female,Urban,Single,1,Bachelor,66,Month-to-Month,Credit Card,No,33.56,2260.1,Yes,Yes,DSL,No,Yes,Yes,Yes,Yes,Yes,143.78,206.72,2,0,0,No,63.14,16.28,2.0,-95.0,311,Yes
CUST-00477,48,Female,Rural,Married,2,High School,10,One Year,Electronic,No,136.54,1308.35,Yes,Yes,No,No,No,No,No,No,No,0.0,1002.44,0,0,0,Yes,0.0,0.0,5.0,74.0,89,No
CUST-00478,29,Female,Rural,Married,3,Bachelor,71,Month-to-Month,Credit Card,Yes,96.11,6725.38,No,No,Fiber,No,No,No,No,No,Yes,,0.0,2,2,0,No,142.22,32.09,5.0,76.0,143,No
CUST-00479,68,Male,Rural,Married,3,Master,59,Month-to-Month,Electronic,Yes,141.48,8292.18,Yes,Yes,DSL,No,No,Yes,Yes,No,No,166.26,273.37,2,0,1,No,79.3,,2.0,-16.0,294,Yes
CUST-00480,61,Male,Urban,Single,0,High School,51,Two Year,Credit Card,No,64.96,3233.53,Yes,No,DSL,Yes,Yes,No,No,No,Yes,176.57,881.31,0,1,0,Yes,77.69,22.48,5.0,59.0,108,No
CUST-00481,33,Female,Suburban,Single,4,Bachelor,9,Month-to-Month,Bank Transfer,No,108.03,940.43,Yes,No,DSL,Yes,No,Yes,No,Yes,No,154.39,767.33,2,2,2,No,69.14,16.25,4.0,81.0,351,No
CUST-00482,55,Female,Urban,Divorced,0,Bachelor,54,Month-to-Month,Credit Card,Yes,46.61,2426.06,Yes,No,Fiber,Yes,Yes,Yes,Yes,No,No,489.38,1121.28,0,0,1,No,190.3,22.66,3.0,-65.0,203,No
CUST-00483,20,Male,Urban,Single,2,Bachelor,62,Month-to-Month,Electronic,Yes,100.38,6140.66,Yes,Yes,Fiber,No,Yes,No,No,Yes,No,466.37,1523.17,2,0,1,No,115.13,15.82,5.0,-12.0,43,No
CUST-00484,19,Male,Urban,Married,2,Master,9,Month-to-Month,Bank Transfer,No,36.85,331.4,No,No,Fiber,No,No,No,Yes,No,Yes,287.26,0.0,5,1,1,No,150.29,34.97,4.0,-2.0,7,No
CUST-00485,69,Female,Rural,Married,2,Bachelor,9,One Year,Electronic,Yes,20.27,174.46,Yes,Yes,DSL,No,No,No,Yes,Yes,Yes,490.53,1603.14,1,1,1,No,,15.98,5.0,46.0,300,No
CUST-00486,22,Female,Rural,Married,0,High School,24,Month-to-Month,Bank Transfer,No,141.1,3537.57,No,No,Fiber,Yes,Yes,No,No,Yes,Yes,495.6,0.0,2,2,0,No,251.04,62.07,4.0,-64.0,352,No
CUST-00487,28,Male,Urban,Single,1,Bachelor,39,Two Year,Credit Card,Yes,92.14,3688.62,Yes,No,Fiber,Yes,No,Yes,No,No,No,177.97,941.89,3,1,2,Yes,281.06,43.89,4.0,-84.0,152,Yes
CUST-00488,42,Female,Suburban,Single,1,High School,8,Month-to-Month,Electronic,Yes,140.5,1149.97,Yes,Yes,DSL,No,Yes,No,No,Yes,No,222.59,1216.12,2,0,0,No,97.23,22.52,3.0,-85.0,16,Yes
CUST-00489,52,Female,Rural,Married,0,Bachelor,25,Month-to-Month,Mailed Check,Yes,63.4,1533.1,Yes,No,DSL,Yes,No,No,Yes,No,Yes,479.53,1918.3,1,1,0,No,12.91,1.75,3.0,85.0,338,No
CUST-00490,52,Male,Suburban,Single,0,High School,66,Month-to-Month,Electronic,Yes,62.61,4175.3,Yes,Yes,DSL,No,Yes,Yes,No,No,No,304.31,1190.45,1,0,0,No,40.18,8.39,4.0,71.0,236,No
CUST-00491,39,Male,Urban,Married,2,Bachelor,10,One Year,Mailed Check,Yes,72.09,722.99,Yes,Yes,No,No,No,No,No,No,No,0.0,401.62,1,0,0,Yes,0.0,0.0,5.0,,334,Yes
CUST-00492,54,Female,Suburban,Single,1,Bachelor,24,Two Year,Electronic,Yes,111.79,2812.29,Yes,No,Fiber,Yes,No,No,No,No,No,344.69,1083.33,0,1,0,No,236.72,53.41,4.0,-52.0,55,No
CUST-00493,39,Female,Suburban,Married,2,Bachelor,59,One Year,Electronic,No,93.56,5656.46,Yes,No,No,No,No,No,No,No,No,0.0,851.99,3,2,1,Yes,0.0,0.0,2.0,-7.0,43,No
CUST-00494,72,Female,Suburban,Divorced,0,Bachelor,31,Two Year,Electronic,Yes,140.3,4382.13,Yes,No,DSL,No,No,No,No,Yes,Yes,169.68,1010.78,0,1,1,Yes,,10.65,1.0,-50.0,308,No
CUST-00495,28,Female,Suburban,Single,3,High School,11,Month-to-Month,Electronic,No,23.31,265.37,Yes,Yes,No,No,No,No,No,No,No,,474.48,1,1,0,No,0.0,0.0,5.0,,240,Yes
CUST-00496,49,Male,Urban,Single,0,Master,6,Month-to-Month,Bank Transfer,Yes,112.07,649.2,Yes,No,Fiber,No,No,No,No,No,No,122.49,1051.57,0,0,0,No,239.93,58.45,3.0,-4.0,38,No
CUST-00497,52,Female,Urban,Married,3,Bachelor,70,Month-to-Month,Bank Transfer,No,62.94,4192.39,Yes,Yes,Fiber,Yes,No,Yes,No,Yes,No,2.33,385.08,2,0,1,No,221.17,45.67,3.0,85.0,129,Yes
CUST-00498,48,Male,Urban,Married,1,Master,32,Month-to-Month,Bank Transfer,Yes,43.43,1416.21,Yes,No,DSL,No,No,No,No,No,Yes,440.35,1513.68,2,1,0,No,69.19,10.99,5.0,73.0,97,No
CUST-00499,62,Male,Urban,Single,1,Bachelor,39,Month-to-Month,Electronic,Yes,86.35,3232.43,No,No,Fiber,No,Yes,Yes,Yes,Yes,No,148.0,0.0,1,1,0,No,216.84,29.37,5.0,82.0,280,No
CUST-00500,70,Male,Suburban,Married,3,Master,48,Month-to-Month,Credit Card,Yes,85.66,3953.48,Yes,No,No,No,No,No,No,No,No,0.0,249.2,2,2,0,No,0.0,0.0,4.0,-28.0,79,No
CUST-00501,25,Male,Urban,Single,0,High School,13,Month-to-Month,Bank Transfer,Yes,37.81,503.58,No,No,DSL,No,Yes,Yes,No,Yes,Yes,43.49,0.0,1,1,2,No,80.38,21.84,2.0,44.0,287,Yes
CUST-00502,37,Female,Rural,Single,0,Bachelor,59,Month-to-Month,Credit Card,No,46.25,2665.93,Yes,No,DSL,No,No,No,No,Yes,Yes,278.01,1271.12,4,0,0,No,17.98,,3.0,39.0,334,Yes
CUST-00503,59,Female,Urban,Divorced,1,Bachelor,67,Month-to-Month,Bank Transfer,No,73.06,4958.08,Yes,No,Fiber,Yes,Yes,No,Yes,Yes,No,496.46,700.6,1,1,0,No,62.02,11.97,4.0,51.0,233,Yes
CUST-00504,51,Female,Suburban,Married,0,Bachelor,56,Month-to-Month,Credit Card,No,73.15,4267.12,Yes,No,No,No,No,No,No,No,No,0.0,186.72,1,0,0,No,0.0,0.0,5.0,-45.0,333,No
CUST-00505,21,Male,Rural,Married,1,Bachelor,41,Two Year,Electronic,Yes,61.28,2466.47,Yes,No,Fiber,Yes,Yes,No,Yes,Yes,No,49.81,1301.23,3,1,0,No,214.44,59.37,5.0,82.0,168,No
CUST-00506,35,Female,Rural,Single,0,Bachelor,56,Month-to-Month,Bank Transfer,No,39.31,2139.14,Yes,No,DSL,Yes,No,Yes,Yes,Yes,No,219.15,809.54,3,1,0,No,55.04,10.86,4.0,21.0,78,No
CUST-00507,68,Female,Rural,Single,3,Bachelor,35,One Year,Bank Transfer,No,20.57,691.58,Yes,No,Fiber,Yes,Yes,Yes,No,Yes,Yes,281.67,1824.47,4,1,0,Yes,96.81,18.18,5.0,25.0,70,No
CUST-00508,21,Female,Suburban,Divorced,2,High School,38,One Year,Bank Transfer,No,146.13,5347.76,Yes,No,Fiber,Yes,Yes,No,No,No,No,147.19,166.27,2,1,0,No,79.05,14.35,,-22.0,262,No
CUST-00509,37,Female,Urban,Single,0,High School,67,Month-to-Month,Electronic,No,142.65,9139.46,Yes,Yes,No,No,No,No,No,No,No,0.0,174.29,1,2,0,No,0.0,0.0,3.0,-85.0,199,Yes
CUST-00510,26,Male,Rural,Married,3,Bachelor,34,Month-to-Month,Electronic,Yes,82.87,2701.54,Yes,Yes,Fiber,No,No,No,No,Yes,No,212.24,1903.67,2,0,0,No,238.53,48.95,3.0,25.0,210,Yes
CUST-00511,33,Male,Rural,Single,1,High School,70,Month-to-Month,Credit Card,Yes,149.36,10383.88,Yes,No,Fiber,No,Yes,Yes,No,Yes,Yes,157.07,1933.26,4,0,0,No,108.96,24.07,5.0,-14.0,17,No
CUST-00512,43,Male,Rural,Married,1,Bachelor,11,One Year,Electronic,Yes,107.58,1162.13,Yes,No,DSL,No,No,Yes,No,Yes,No,457.67,152.71,0,0,1,Yes,27.57,5.33,1.0,-79.0,272,Yes
CUST-00513,55,Female,Suburban,Single,1,High School,27,Month-to-Month,Electronic,No,28.95,797.84,No,No,No,No,No,No,No,No,No,0.0,0.0,1,0,0,No,0.0,0.0,3.0,9.0,209,Yes
CUST-00514,42,Female,Suburban,Single,2,High School,48,Month-to-Month,Bank Transfer,Yes,35.3,1757.3,Yes,Yes,Fiber,No,No,Yes,No,Yes,Yes,117.29,520.84,1,0,2,No,170.65,27.91,5.0,71.0,116,No
CUST-00515,21,Male,Urban,Divorced,1,Bachelor,24,Month-to-Month,Credit Card,No,139.09,3433.33,Yes,Yes,No,No,No,No,No,No,No,0.0,1432.65,2,0,0,No,0.0,0.0,3.0,-6.0,103,Yes
CUST-00516,58,Male,Suburban,Married,2,Bachelor,18,Two Year,Credit Card,Yes,101.91,1839.94,Yes,No,Fiber,Yes,No,No,No,No,Yes,416.98,1750.59,2,2,2,Yes,61.01,9.76,3.0,-58.0,76,Yes
CUST-00517,62,Male,Urban,Single,0,Master,27,Month-to-Month,Electronic,Yes,129.61,3360.45,Yes,No,No,No,No,No,No,No,No,0.0,291.58,4,2,0,No,0.0,0.0,4.0,-22.0,314,No
CUST-00518,58,Female,Urban,Married,5,Bachelor,54,One Year,Mailed Check,Yes,136.78,7540.78,Yes,Yes,No,No,No,No,No,No,No,0.0,553.66,2,1,1,No,0.0,0.0,4.0,-80.0,10,No
CUST-00519,55,Male,Suburban,Single,2,Master,55,One Year,Electronic,Yes,78.23,4243.76,Yes,No,DSL,Yes,Yes,Yes,Yes,Yes,No,346.68,145.75,1,1,1,Yes,15.1,2.08,4.0,22.0,50,No
CUST-00520,70,Male,Suburban,Married,0,Bachelor,21,Two Year,Bank Transfer,No,26.31,529.58,Yes,No,No,No,No,No,No,No,No,0.0,183.28,1,1,1,No,0.0,0.0,5.0,,6,No
CUST-00521,36,Male,Urban,Married,2,Master,59,One Year,Mailed Check,Yes,44.48,2713.98,Yes,Yes,DSL,No,Yes,No,Yes,No,Yes,228.02,156.27,2,1,0,No,83.13,11.36,3.0,-52.0,36,No
CUST-00522,31,Female,Rural,Single,2,Master,34,One Year,Bank Transfer,No,28.65,958.49,No,No,Fiber,No,No,No,Yes,Yes,No,148.57,0.0,1,1,1,No,98.92,22.27,5.0,24.0,260,No
CUST-00523,38,Female,Rural,Married,0,Bachelor,58,Two Year,Mailed Check,Yes,44.54,2510.32,Yes,Yes,No,No,No,No,No,No,No,0.0,666.76,5,4,0,No,0.0,0.0,4.0,5.0,61,No
CUST-00524,32,Female,Suburban,Married,0,Bachelor,48,One Year,Bank Transfer,Yes,73.37,3652.54,Yes,Yes,DSL,No,No,No,No,Yes,Yes,145.59,1037.1,2,0,1,Yes,23.08,4.72,3.0,33.0,199,No
CUST-00525,20,Male,Suburban,Divorced,0,High School,54,Month-to-Month,Electronic,No,35.37,1986.54,Yes,No,Fiber,Yes,No,No,No,No,No,290.05,1596.9,2,1,0,No,93.3,12.83,5.0,-20.0,329,No
CUST-00526,54,Male,Rural,Married,3,High School,18,Month-to-Month,Electronic,Yes,41.68,738.08,Yes,Yes,Fiber,No,No,Yes,Yes,No,No,412.98,1040.39,1,0,0,No,137.24,22.53,2.0,3.0,89,No
CUST-00527,70,Male,Urban,Single,2,PhD,3,Two Year,Electronic,No,77.96,230.47,Yes,Yes,Fiber,No,No,Yes,No,No,Yes,181.76,915.47,3,1,1,No,132.42,35.05,2.0,8.0,78,Yes
CUST-00528,67,Male,Suburban,Single,1,PhD,24,Two Year,Electronic,No,64.22,1553.61,Yes,No,No,No,No,No,No,No,No,0.0,121.99,1,0,1,Yes,0.0,0.0,5.0,74.0,54,Yes
CUST-00529,63,Male,Urban,Married,0,Master,1,One Year,Bank Transfer,No,80.8,82.68,Yes,No,Fiber,No,No,No,No,Yes,Yes,234.0,1179.28,2,1,0,No,68.7,16.81,2.0,63.0,220,No
CUST-00530,33,Male,Urban,Single,1,Master,6,One Year,Electronic,Yes,75.79,434.89,Yes,No,No,No,No,No,No,No,No,0.0,337.01,0,0,0,No,0.0,0.0,1.0,24.0,91,Yes
CUST-00531,31,Female,Suburban,Married,1,Master,19,One Year,Bank Transfer,Yes,103.78,1990.27,No,No,DSL,Yes,No,No,Yes,No,Yes,375.81,0.0,0,0,2,No,75.54,15.13,3.0,-9.0,73,Yes
CUST-00532,26,Male,Suburban,Married,2,Bachelor,43,Month-to-Month,Credit Card,No,141.83,6375.06,Yes,No,DSL,No,No,No,No,Yes,No,163.4,589.7,4,2,1,No,42.55,10.92,2.0,20.0,55,No
CUST-00533,64,Male,Urban,Single,4,Bachelor,8,One Year,Credit Card,No,34.02,265.7,Yes,No,Fiber,No,No,No,Yes,No,Yes,293.18,1380.96,0,0,0,No,127.34,20.81,5.0,10.0,231,No
CUST-00534,24,Female,Urban,Single,1,Bachelor,69,Month-to-Month,Mailed Check,No,32.9,2363.18,Yes,No,Fiber,No,No,Yes,No,No,No,194.68,1327.82,0,1,1,No,255.72,51.97,5.0,,178,Yes
CUST-00535,31,Female,Suburban,Married,1,Bachelor,52,Two Year,Electronic,Yes,130.86,7111.31,No,No,DSL,No,No,Yes,No,No,Yes,358.2,0.0,1,2,0,No,72.27,17.15,4.0,58.0,60,No
CUST-00536,23,Female,Suburban,Single,1,High School,47,Two Year,Bank Transfer,Yes,85.83,3940.96,Yes,No,Fiber,Yes,Yes,No,No,No,No,82.34,607.21,2,1,1,No,81.1,10.84,3.0,9.0,359,No
CUST-00537,38,Female,Suburban,Divorced,3,Bachelor,28,One Year,Bank Transfer,Yes,119.63,3434.86,Yes,No,Fiber,No,No,No,No,Yes,No,128.46,607.47,3,0,0,Yes,61.24,9.48,4.0,-26.0,116,No
CUST-00538,32,Male,Urban,Married,0,Bachelor,46,Month-to-Month,Electronic,No,48.0,2150.54,Yes,No,Fiber,No,Yes,No,No,No,Yes,213.03,1739.79,1,0,0,No,284.83,65.63,,-39.0,77,No
CUST-00539,69,Female,Suburban,Divorced,1,Bachelor,4,Month-to-Month,Credit Card,Yes,127.75,523.15,Yes,Yes,DSL,No,Yes,No,Yes,No,No,444.71,124.33,2,1,1,No,18.43,4.26,3.0,-5.0,235,No
CUST-00540,25,Female,Urban,Divorced,2,Master,8,Month-to-Month,Credit Card,Yes,140.1,1154.14,Yes,Yes,Fiber,No,Yes,No,No,No,Yes,286.66,444.89,4,1,1,No,279.4,55.51,2.0,-44.0,32,Yes
CUST-00541,51,Male,Urban,Married,0,Bachelor,61,One Year,Bank Transfer,No,102.61,6101.15,Yes,Yes,Fiber,No,No,No,No,No,No,482.7,1259.32,2,1,1,No,118.15,30.62,3.0,1.0,54,No
CUST-00542,57,Male,Suburban,Single,0,High School,17,One Year,Credit Card,Yes,33.76,586.38,Yes,Yes,No,No,No,No,No,No,No,0.0,1652.39,1,0,1,Yes,0.0,0.0,4.0,-31.0,242,No
CUST-00543,18,Female,Suburban,Divorced,2,Master,34,Month-to-Month,Credit Card,Yes,136.39,4781.93,Yes,Yes,Fiber,No,No,No,Yes,No,No,230.09,780.86,1,2,2,No,275.98,76.24,5.0,,273,No
CUST-00544,49,Male,Urban,Single,0,Bachelor,20,One Year,Bank Transfer,Yes,123.02,2425.67,Yes,No,Fiber,No,No,No,Yes,Yes,No,209.54,1341.54,1,0,0,Yes,280.92,69.44,4.0,-64.0,73,No
CUST-00545,66,Male,Urban,Single,1,High School,34,Two Year,Electronic,Yes,117.61,3866.0,Yes,Yes,No,No,No,No,No,No,No,0.0,1158.6,2,2,0,Yes,0.0,0.0,4.0,-33.0,20,No
CUST-00546,68,Male,Suburban,Married,1,Bachelor,43,Month-to-Month,Bank Transfer,Yes,24.77,1021.84,Yes,No,Fiber,Yes,No,No,No,No,No,405.98,222.63,2,2,1,No,,47.71,3.0,-26.0,352,Yes
CUST-00547,22,Male,Urban,Single,1,Bachelor,10,One Year,Bank Transfer,Yes,123.87,1247.99,Yes,No,DSL,No,No,No,Yes,Yes,Yes,420.72,1281.33,1,2,0,Yes,97.46,22.76,5.0,-84.0,200,Yes
CUST-00548,47,Male,Urban,Single,0,Master,30,Two Year,Bank Transfer,Yes,37.93,1192.42,Yes,Yes,No,No,No,No,No,No,No,,1646.42,0,1,1,Yes,0.0,0.0,5.0,34.0,153,No
CUST-00549,39,Male,Urban,Single,4,Bachelor,25,One Year,Bank Transfer,Yes,48.91,1262.24,Yes,No,Fiber,No,Yes,Yes,No,No,No,320.77,1985.65,2,1,0,Yes,154.72,21.0,5.0,-49.0,253,No
CUST-00550,37,Male,Urban,Single,0,High School,57,One Year,Credit Card,Yes,95.03,5381.82,Yes,Yes,Fiber,No,No,Yes,Yes,Yes,No,474.51,156.32,2,0,0,Yes,229.81,46.64,1.0,62.0,206,No
CUST-00551,33,Male,Urban,Married,2,Bachelor,63,One Year,Mailed Check,No,54.45,3442.75,Yes,No,Fiber,Yes,Yes,Yes,No,No,No,191.84,1354.11,2,1,0,Yes,125.09,15.48,4.0,29.0,148,Yes
CUST-00552,24,Female,Rural,Single,0,Master,71,Two Year,Credit Card,Yes,105.98,7358.36,No,No,No,No,No,No,No,No,No,0.0,0.0,2,2,0,No,0.0,0.0,4.0,67.0,182,No
CUST-00553,24,Male,Suburban,Married,1,Bachelor,47,Month-to-Month,Credit Card,Yes,99.05,4498.46,Yes,Yes,No,No,No,No,No,No,No,0.0,118.6,2,2,0,No,0.0,0.0,3.0,-64.0,301,No
CUST-00554,67,Female,Suburban,Divorced,0,Master,3,One Year,Electronic,Yes,34.06,102.0,Yes,No,No,No,No,No,No,No,No,0.0,1267.29,1,1,1,No,0.0,0.0,5.0,-44.0,296,No
CUST-00555,67,Female,Suburban,Married,0,Bachelor,46,Month-to-Month,Mailed Check,Yes,105.28,4825.29,Yes,No,DSL,No,No,No,Yes,Yes,Yes,,332.61,1,1,0,No,93.92,21.83,3.0,0.0,260,Yes
CUST-00556,19,Female,Suburban,Married,0,Master,36,Month-to-Month,Bank Transfer,Yes,140.11,5055.17,Yes,Yes,Fiber,Yes,No,No,Yes,Yes,Yes,188.51,819.28,3,0,0,No,123.33,34.55,3.0,-91.0,43,No
CUST-00557,64,Female,Rural,Divorced,1,Master,26,Month-to-Month,Bank Transfer,Yes,40.94,1112.75,Yes,No,DSL,No,Yes,No,Yes,No,Yes,79.44,596.6,1,1,1,No,13.78,4.05,4.0,-20.0,143,Yes
CUST-00558,31,Male,Suburban,Single,1,Master,10,Month-to-Month,Electronic,No,97.62,986.32,Yes,No,DSL,No,No,No,No,Yes,Yes,293.25,786.21,2,2,1,No,78.65,11.27,3.0,73.0,243,Yes
CUST-00559,48,Male,Urban,Married,0,Bachelor,34,Two Year,Bank Transfer,Yes,64.44,2214.22,Yes,Yes,No,No,No,No,No,No,No,0.0,1036.12,2,0,0,Yes,0.0,0.0,5.0,-11.0,4,No
CUST-00560,67,Female,Suburban,Divorced,5,Master,8,Two Year,Bank Transfer,No,79.75,614.26,Yes,No,Fiber,Yes,No,No,No,No,No,228.8,782.5,2,3,1,No,252.11,71.92,3.0,32.0,61,No
CUST-00561,58,Male,Urban,Divorced,0,Bachelor,55,Month-to-Month,Bank Transfer,Yes,57.31,3308.55,Yes,Yes,Fiber,No,No,Yes,Yes,Yes,Yes,436.44,1150.19,5,0,2,No,248.49,29.39,3.0,32.0,345,Yes
CUST-00562,31,Female,Suburban,Married,1,Master,10,One Year,Electronic,Yes,66.04,678.39,No,No,Fiber,Yes,Yes,No,No,No,No,43.01,0.0,0,1,1,Yes,174.72,31.94,4.0,19.0,25,No
CUST-00563,22,Female,Suburban,Single,0,Bachelor,57,One Year,Credit Card,Yes,23.76,1405.32,Yes,Yes,Fiber,Yes,No,Yes,No,No,No,15.21,1307.19,2,1,1,No,108.46,,2.0,1.0,316,Yes
CUST-00564,28,Male,Rural,Divorced,1,High School,45,Two Year,Electronic,No,147.6,6585.16,Yes,No,DSL,No,Yes,No,No,No,Yes,303.24,1722.15,4,1,0,No,91.29,12.83,4.0,-74.0,324,Yes
CUST-00565,57,Female,Suburban,Single,3,Bachelor,50,One Year,Credit Card,Yes,101.22,5062.28,Yes,No,DSL,No,No,Yes,Yes,Yes,No,,525.73,1,2,0,Yes,19.89,5.7,4.0,-96.0,183,No
CUST-00566,22,Female,Urban,Married,1,Bachelor,64,Month-to-Month,Electronic,Yes,85.09,5457.9,Yes,Yes,Fiber,No,No,Yes,No,No,No,,1064.97,2,0,1,No,52.2,10.72,4.0,-40.0,305,No
CUST-00567,46,Male,Urban,Married,0,Bachelor,2,Two Year,Electronic,Yes,69.88,135.49,Yes,Yes,Fiber,Yes,No,No,Yes,Yes,No,202.86,1332.51,1,0,0,No,182.84,21.94,5.0,35.0,35,No
CUST-00568,28,Male,Urban,Married,0,Bachelor,45,One Year,Electronic,Yes,90.12,4132.19,Yes,Yes,No,No,No,No,No,No,No,0.0,1172.79,1,0,0,No,0.0,0.0,4.0,58.0,29,No
CUST-00569,22,Female,Urban,Married,3,Bachelor,62,One Year,Electronic,No,69.41,4477.08,Yes,No,No,No,No,No,No,No,No,0.0,794.73,1,2,1,No,0.0,0.0,4.0,-4.0,68,No
CUST-00570,66,Female,Urban,Married,0,Master,14,Two Year,Electronic,Yes,66.79,903.59,Yes,Yes,Fiber,No,No,No,No,Yes,Yes,449.21,1320.18,0,0,0,Yes,193.34,30.25,5.0,48.0,231,No
CUST-00571,71,Male,Urban,Married,1,High School,15,Two Year,Mailed Check,No,80.31,1154.86,Yes,No,No,No,No,No,No,No,No,0.0,153.67,0,1,1,Yes,0.0,0.0,4.0,-80.0,175,No
CUST-00572,49,Male,Urban,Single,0,Bachelor,14,One Year,Credit Card,No,55.88,800.92,Yes,No,DSL,Yes,No,No,No,Yes,Yes,213.04,802.82,2,0,0,Yes,,,3.0,-50.0,277,No
CUST-00573,53,Female,Rural,Married,0,Master,31,One Year,Credit Card,Yes,43.41,1315.08,Yes,No,Fiber,Yes,Yes,No,No,Yes,Yes,485.96,1111.96,0,1,0,Yes,262.6,51.57,1.0,-22.0,32,No
CUST-00574,32,Female,Urban,Married,0,Bachelor,29,Two Year,Credit Card,Yes,92.36,2711.58,Yes,Yes,DSL,Yes,No,No,No,No,Yes,413.38,139.17,2,3,0,No,28.38,3.34,4.0,-42.0,68,No
CUST-00575,36,Female,Urban,Married,3,Bachelor,27,Month-to-Month,Credit Card,No,129.56,3566.59,Yes,Yes,Fiber,No,No,No,No,No,Yes,53.97,1064.53,1,0,0,No,127.26,33.15,5.0,-99.0,351,No
CUST-00576,39,Female,Urban,Divorced,2,Bachelor,9,Month-to-Month,Mailed Check,Yes,39.87,352.42,No,No,Fiber,Yes,No,Yes,No,Yes,No,254.26,0.0,0,1,0,No,272.65,53.52,4.0,57.0,254,No
CUST-00577,51,Male,Suburban,Married,2,Bachelor,20,Month-to-Month,Electronic,Yes,24.26,500.4,Yes,No,DSL,No,No,Yes,No,No,No,365.04,1542.49,6,0,0,No,42.03,,3.0,-43.0,49,No
CUST-00578,73,Male,Urban,Married,0,High School,58,Two Year,Electronic,No,52.09,3036.06,Yes,No,DSL,Yes,Yes,No,Yes,No,Yes,349.2,315.41,0,2,1,Yes,66.82,17.7,4.0,-81.0,22,Yes
CUST-00579,34,Female,Suburban,Single,1,Bachelor,49,One Year,Mailed Check,No,147.36,7487.27,Yes,No,Fiber,No,No,Yes,Yes,No,Yes,380.42,1982.07,2,0,0,Yes,138.64,22.66,4.0,67.0,253,No
CUST-00580,29,Female,Urban,Married,1,PhD,57,Month-to-Month,Credit Card,No,127.74,7472.8,Yes,Yes,Fiber,Yes,No,No,No,Yes,No,228.73,1251.72,2,1,0,No,153.56,15.49,1.0,56.0,163,No
CUST-00581,42,Male,Suburban,Divorced,2,Bachelor,16,Two Year,Electronic,No,97.46,1616.88,Yes,No,DSL,No,Yes,Yes,Yes,No,Yes,87.96,790.07,2,1,0,Yes,90.57,25.56,5.0,32.0,272,No
CUST-00582,73,Male,Rural,Married,0,High School,8,One Year,Electronic,Yes,140.8,1072.37,No,No,Fiber,Yes,No,No,No,No,Yes,232.44,0.0,1,0,1,No,103.1,26.0,5.0,-12.0,180,No
CUST-00583,34,Female,Urban,Married,5,Master,67,Two Year,Electronic,Yes,77.89,5084.53,Yes,No,Fiber,No,No,Yes,No,No,No,323.94,1188.5,2,2,0,Yes,204.61,24.85,4.0,37.0,346,Yes
CUST-00584,27,Male,Urban,Single,1,Bachelor,19,Month-to-Month,Mailed Check,Yes,147.83,2693.55,Yes,No,Fiber,No,Yes,Yes,No,Yes,Yes,304.3,1775.25,1,1,2,No,190.65,,2.0,88.0,249,No
CUST-00585,45,Female,Suburban,Married,4,High School,67,One Year,Electronic,No,58.52,3898.08,No,No,Fiber,Yes,Yes,No,No,Yes,Yes,35.26,0.0,2,1,1,Yes,165.65,17.23,4.0,4.0,236,No
CUST-00586,74,Male,Suburban,Married,0,Master,36,One Year,Mailed Check,No,51.24,1916.56,Yes,No,DSL,No,Yes,No,Yes,No,Yes,32.48,1356.8,2,2,2,No,38.04,4.02,2.0,11.0,231,Yes
CUST-00587,35,Male,Suburban,Married,0,High School,60,One Year,Mailed Check,Yes,102.95,6156.73,Yes,No,Fiber,No,Yes,No,No,No,Yes,482.63,779.62,3,0,1,Yes,249.22,,4.0,28.0,121,No
CUST-00588,68,Male,Suburban,Divorced,0,Master,36,One Year,Credit Card,Yes,69.16,2576.83,No,No,No,No,No,No,No,No,No,0.0,0.0,1,1,1,Yes,0.0,0.0,2.0,74.0,241,No
CUST-00589,35,Female,Suburban,Single,3,Bachelor,11,Two Year,Electronic,Yes,101.43,1096.42,Yes,Yes,Fiber,No,Yes,No,No,Yes,Yes,147.23,643.73,2,1,0,Yes,78.64,23.03,4.0,-3.0,133,Yes
CUST-00590,62,Female,Suburban,Single,1,Master,51,Month-to-Month,Electronic,No,59.65,2993.32,Yes,Yes,Fiber,No,Yes,No,No,No,No,383.82,1440.71,1,0,0,No,205.77,,3.0,84.0,70,No
CUST-00591,49,Female,Urban,Married,3,Bachelor,55,Two Year,Credit Card,Yes,100.33,5736.39,Yes,Yes,Fiber,Yes,No,No,No,Yes,No,204.84,782.46,2,0,0,Yes,,34.42,5.0,-87.0,345,No
CUST-00592,31,Female,Urban,Single,3,Bachelor,54,Month-to-Month,Credit Card,Yes,55.85,2993.37,Yes,Yes,DSL,Yes,No,No,Yes,Yes,Yes,90.73,462.36,3,0,0,No,59.2,6.67,4.0,52.0,309,Yes
CUST-00593,73,Male,Suburban,Married,2,Bachelor,17,Month-to-Month,Credit Card,No,26.63,465.76,Yes,No,Fiber,No,Yes,No,No,No,Yes,233.62,801.86,3,2,0,No,138.89,22.91,5.0,-80.0,278,No
CUST-00594,33,Male,Rural,Single,2,PhD,62,Month-to-Month,Credit Card,No,138.58,8365.54,Yes,No,No,No,No,No,No,No,No,0.0,1722.27,0,0,1,No,0.0,0.0,3.0,-85.0,218,No
CUST-00595,67,Female,Rural,Single,2,Master,42,Month-to-Month,Mailed Check,Yes,134.82,5916.42,Yes,Yes,DSL,Yes,No,No,Yes,Yes,No,226.38,1502.68,5,1,0,No,67.03,13.15,1.0,59.0,184,Yes
CUST-00596,35,Female,Rural,Married,2,Bachelor,24,Month-to-Month,Credit Card,No,146.2,3535.06,Yes,No,No,No,No,No,No,No,No,0.0,735.82,4,1,1,No,0.0,0.0,3.0,72.0,306,Yes
CUST-00597,33,Female,Suburban,Married,1,PhD,17,Two Year,Bank Transfer,Yes,113.15,1973.41,Yes,No,DSL,Yes,No,No,No,No,Yes,142.35,1822.94,0,2,1,Yes,30.79,6.64,2.0,-37.0,313,Yes
CUST-00598,34,Female,Suburban,Single,2,Bachelor,48,One Year,Bank Transfer,Yes,108.75,5005.9,Yes,Yes,Fiber,No,Yes,Yes,No,Yes,No,330.67,242.18,2,0,1,Yes,207.95,38.92,2.0,-17.0,216,Yes
CUST-00599,24,Male,Suburban,Single,3,High School,70,Month-to-Month,Electronic,Yes,92.67,6482.17,No,No,No,No,No,No,No,No,No,0.0,0.0,3,1,0,No,0.0,0.0,4.0,-28.0,280,No
CUST-00600,29,Male,Urban,Single,1,High School,7,One Year,Electronic,No,36.37,264.82,No,No,No,No,No,No,No,No,No,0.0,0.0,1,1,0,No,0.0,0.0,4.0,-41.0,280,No
CUST-00601,51,Female,Suburban,Married,4,Master,14,Month-to-Month,Electronic,No,44.6,647.95,No,No,No,No,No,No,No,No,No,0.0,0.0,5,2,2,No,0.0,0.0,,-3.0,124,Yes
CUST-00602,27,Male,Urban,Single,0,Master,11,Month-to-Month,Electronic,Yes,57.63,605.21,Yes,No,No,No,No,No,No,No,No,0.0,266.89,3,0,0,No,0.0,0.0,3.0,46.0,178,No
CUST-00603,22,Male,Urban,Married,1,Bachelor,12,One Year,Credit Card,No,135.72,1596.67,Yes,No,Fiber,No,No,No,No,Yes,Yes,294.89,1356.55,1,0,2,Yes,229.49,29.27,4.0,,326,Yes
CUST-00604,38,Female,Suburban,Married,0,Master,5,One Year,Electronic,Yes,42.49,211.23,Yes,Yes,Fiber,No,Yes,No,Yes,No,Yes,76.72,1241.6,1,6,1,No,274.06,39.65,3.0,91.0,34,Yes
CUST-00605,20,Male,Suburban,Married,0,Bachelor,5,Two Year,Credit Card,No,139.97,676.93,Yes,No,Fiber,Yes,No,No,No,Yes,No,51.35,1330.45,2,2,2,No,243.29,68.16,5.0,57.0,69,No
CUST-00606,36,Female,Urban,Single,3,Bachelor,20,Month-to-Month,Mailed Check,No,87.96,1799.71,Yes,Yes,Fiber,No,No,Yes,No,No,No,261.62,1407.9,4,0,0,No,277.46,66.54,2.0,-54.0,359,Yes
CUST-00607,62,Male,Urban,Married,4,High School,54,One Year,Electronic,Yes,113.02,5910.75,Yes,No,Fiber,No,No,No,No,No,Yes,337.51,1538.07,2,0,1,Yes,157.78,21.76,3.0,-68.0,177,No
CUST-00608,61,Female,Rural,Divorced,3,Master,55,One Year,Credit Card,Yes,34.33,1859.29,Yes,No,Fiber,No,Yes,No,Yes,No,Yes,56.68,493.64,1,2,2,Yes,276.06,59.09,2.0,-80.0,48,Yes
CUST-00609,52,Female,Suburban,Single,5,High School,58,Two Year,Electronic,No,54.97,3240.58,No,No,Fiber,No,No,Yes,Yes,Yes,No,458.89,0.0,2,1,1,No,205.39,58.94,2.0,-6.0,67,Yes
CUST-00610,23,Female,Suburban,Single,0,Bachelor,30,Month-to-Month,Electronic,Yes,144.61,4330.45,No,No,No,No,No,No,No,No,No,0.0,0.0,3,3,3,No,0.0,0.0,5.0,-38.0,6,Yes
CUST-00611,31,Male,Urban,Married,0,Bachelor,24,One Year,Credit Card,No,54.6,1341.65,Yes,No,Fiber,Yes,No,No,Yes,No,Yes,59.99,1892.95,1,1,0,Yes,59.84,8.21,3.0,-59.0,93,No
CUST-00612,21,Male,Urban,Single,1,Bachelor,3,One Year,Mailed Check,Yes,58.55,183.74,Yes,No,DSL,No,No,Yes,Yes,Yes,Yes,101.35,541.5,2,1,0,No,37.21,10.73,4.0,88.0,80,No
CUST-00613,62,Male,Urban,Married,3,Bachelor,48,Two Year,Credit Card,No,45.69,2108.92,Yes,Yes,Fiber,No,Yes,No,No,Yes,Yes,84.79,211.57,5,3,0,Yes,261.99,50.37,3.0,4.0,249,Yes
CUST-00614,68,Male,Suburban,Married,0,High School,71,Month-to-Month,Electronic,Yes,36.78,2666.08,Yes,No,Fiber,Yes,No,No,No,Yes,No,,1341.64,0,0,0,No,93.55,17.16,4.0,25.0,37,No
CUST-00615,35,Female,Suburban,Married,5,Master,22,One Year,Credit Card,Yes,50.32,1077.26,Yes,No,Fiber,No,Yes,Yes,No,No,No,398.92,1506.33,2,1,1,Yes,215.45,33.07,5.0,14.0,349,Yes
CUST-00616,46,Male,Urban,Married,2,Bachelor,14,Month-to-Month,Electronic,Yes,103.5,1436.64,Yes,No,No,No,No,No,No,No,No,0.0,638.07,0,0,0,No,0.0,0.0,5.0,-58.0,44,Yes
CUST-00617,52,Male,Urban,Married,5,Bachelor,48,One Year,Electronic,No,79.2,3623.91,Yes,Yes,Fiber,Yes,Yes,No,No,Yes,No,194.26,1184.61,0,2,0,Yes,121.99,32.83,1.0,-33.0,358,No
CUST-00618,69,Male,Urban,Single,1,Master,29,Month-to-Month,Credit Card,Yes,91.99,2570.53,Yes,No,No,No,No,No,No,No,No,0.0,213.12,0,1,0,No,0.0,0.0,5.0,-75.0,136,No
CUST-00619,55,Female,Suburban,Single,1,Bachelor,50,Month-to-Month,Electronic,Yes,35.91,1763.01,No,No,Fiber,No,No,No,Yes,Yes,Yes,185.5,0.0,2,0,1,No,192.38,20.42,4.0,60.0,310,Yes
CUST-00620,33,Male,Urban,Divorced,3,Master,10,One Year,Credit Card,No,124.28,1223.11,Yes,No,Fiber,No,No,Yes,Yes,No,Yes,83.49,308.86,1,1,0,No,179.79,34.04,3.0,7.0,307,No
CUST-00621,37,Female,Suburban,Divorced,3,High School,71,Month-to-Month,Credit Card,No,121.93,9003.12,Yes,Yes,Fiber,No,No,No,No,Yes,No,137.02,228.38,3,1,0,No,59.8,8.14,4.0,-68.0,304,Yes
CUST-00622,41,Female,Suburban,Married,0,High School,27,Month-to-Month,Credit Card,Yes,22.81,630.67,Yes,Yes,DSL,No,No,Yes,Yes,No,Yes,119.48,183.81,2,1,0,No,19.15,2.46,5.0,-52.0,228,No
CUST-00623,52,Female,Rural,Divorced,4,High School,28,Month-to-Month,Electronic,No,69.86,2048.35,Yes,No,DSL,No,No,Yes,No,Yes,Yes,249.37,911.82,2,0,0,No,85.09,15.2,2.0,-17.0,182,No
CUST-00624,61,Female,Suburban,Single,3,Master,9,Month-to-Month,Mailed Check,No,28.94,263.04,Yes,Yes,DSL,No,Yes,No,No,Yes,Yes,145.75,284.6,2,1,2,No,44.39,5.32,,-60.0,325,Yes
CUST-00625,68,Male,Urban,Single,0,PhD,71,Two Year,Credit Card,Yes,122.97,8505.62,Yes,No,Fiber,No,Yes,Yes,No,No,Yes,258.03,1514.83,5,2,0,Yes,111.47,32.49,3.0,99.0,203,No
CUST-00626,36,Female,Suburban,Married,0,Bachelor,26,One Year,Bank Transfer,Yes,115.85,2960.06,Yes,No,DSL,No,No,Yes,No,Yes,No,334.65,1807.86,4,1,1,Yes,43.75,4.79,3.0,-65.0,110,No
CUST-00627,73,Female,Suburban,Single,1,Bachelor,8,Two Year,Electronic,No,137.26,1078.28,Yes,Yes,No,No,No,No,No,No,No,0.0,594.42,4,1,0,No,0.0,0.0,5.0,99.0,67,No
CUST-00628,21,Female,Urban,Married,1,High School,2,Month-to-Month,Credit Card,No,50.73,99.7,Yes,Yes,Fiber,No,No,No,Yes,No,No,355.08,1294.67,1,0,0,No,240.99,31.94,4.0,-6.0,356,No
CUST-00629,50,Female,Suburban,Divorced,2,High School,57,Two Year,Credit Card,Yes,79.32,4599.35,Yes,No,Fiber,No,Yes,No,Yes,Yes,No,102.8,180.44,0,3,2,Yes,67.47,16.04,1.0,18.0,37,Yes
CUST-00630,19,Male,Rural,Married,0,Bachelor,52,One Year,Electronic,Yes,43.98,2294.18,Yes,Yes,DSL,No,Yes,No,No,No,No,57.95,834.47,2,0,0,Yes,59.2,6.85,4.0,49.0,197,No
CUST-00631,30,Male,Urban,Married,2,High School,58,One Year,Electronic,Yes,68.26,3913.75,Yes,No,DSL,No,No,No,No,Yes,Yes,271.23,656.59,7,2,2,No,27.04,5.66,4.0,74.0,304,No
CUST-00632,62,Female,Suburban,Single,2,Bachelor,3,One Year,Credit Card,Yes,87.89,254.42,No,No,DSL,Yes,No,No,No,Yes,Yes,99.46,0.0,1,1,1,No,58.76,14.96,4.0,-18.0,91,No
CUST-00633,47,Female,Rural,Single,0,Bachelor,8,One Year,Bank Transfer,Yes,26.93,205.17,Yes,No,Fiber,No,Yes,No,No,Yes,Yes,42.47,1324.97,1,0,0,No,226.95,65.82,2.0,-81.0,263,No
CUST-00634,51,Male,Suburban,Married,1,Master,59,One Year,Bank Transfer,Yes,112.93,6475.71,No,No,Fiber,Yes,Yes,Yes,No,No,Yes,263.55,0.0,2,1,0,No,267.31,64.08,3.0,-14.0,242,No
CUST-00635,47,Male,Suburban,Married,0,Bachelor,2,Month-to-Month,Electronic,No,90.63,174.14,Yes,Yes,Fiber,Yes,Yes,Yes,No,Yes,Yes,163.4,1735.35,1,0,0,No,61.61,7.39,5.0,51.0,115,Yes
CUST-00636,68,Male,Urban,Married,0,Bachelor,62,Month-to-Month,Credit Card,No,127.76,8147.52,Yes,No,Fiber,No,Yes,No,No,No,Yes,378.07,1363.19,1,0,0,No,230.21,27.1,4.0,25.0,94,Yes
CUST-00637,71,Female,Urban,Divorced,2,Bachelor,49,One Year,Bank Transfer,Yes,55.33,2606.18,Yes,No,Fiber,No,No,No,No,No,Yes,157.1,1450.4,0,1,1,No,185.0,45.57,4.0,70.0,212,No
CUST-00638,41,Female,Suburban,Divorced,5,High School,20,One Year,Bank Transfer,Yes,137.43,2810.27,Yes,No,DSL,No,No,No,Yes,Yes,No,489.36,1877.15,1,2,1,No,22.15,3.17,4.0,-1.0,245,No
CUST-00639,65,Female,Suburban,Single,0,Master,29,Month-to-Month,Electronic,Yes,149.83,4295.4,Yes,No,Fiber,Yes,Yes,No,No,No,No,379.26,1890.51,0,2,0,No,176.79,33.49,2.0,-28.0,172,Yes
CUST-00640,61,Male,Rural,Single,1,High School,17,Month-to-Month,Bank Transfer,Yes,139.51,2270.47,Yes,No,Fiber,No,Yes,Yes,No,No,Yes,28.85,1148.14,2,0,1,No,185.05,54.65,4.0,-85.0,284,Yes
CUST-00641,50,Male,Urban,Married,0,High School,22,One Year,Electronic,No,121.13,2748.11,Yes,No,Fiber,No,Yes,Yes,No,Yes,Yes,254.44,1041.22,6,0,1,Yes,62.94,16.62,3.0,-74.0,78,No
CUST-00642,58,Male,Suburban,Single,0,Bachelor,6,Two Year,Credit Card,No,125.61,759.65,No,No,DSL,Yes,Yes,No,Yes,Yes,No,281.31,0.0,1,1,0,No,,26.14,2.0,-56.0,279,Yes
CUST-00643,66,Male,Urban,Married,1,Master,62,Month-to-Month,Credit Card,Yes,94.59,5709.42,Yes,No,Fiber,Yes,No,No,Yes,Yes,Yes,,1459.59,7,0,0,No,,32.19,3.0,64.0,148,Yes
CUST-00644,27,Female,Urban,Married,2,High School,31,Month-to-Month,Bank Transfer,Yes,44.72,1441.04,Yes,Yes,DSL,Yes,Yes,Yes,No,No,Yes,248.9,1122.6,1,2,0,No,49.14,11.0,4.0,-88.0,278,No
CUST-00645,35,Male,Urban,Single,0,High School,62,Two Year,Mailed Check,Yes,108.02,6392.41,Yes,Yes,No,No,No,No,No,No,No,0.0,1872.46,2,1,0,Yes,0.0,0.0,2.0,78.0,350,No
CUST-00646,36,Female,Urban,Married,4,High School,12,One Year,Mailed Check,No,112.66,1311.58,Yes,Yes,Fiber,No,No,Yes,No,Yes,No,,553.39,1,1,0,No,289.32,49.7,3.0,-99.0,225,No
CUST-00647,24,Female,Urban,Married,0,Bachelor,12,Month-to-Month,Electronic,Yes,148.1,1821.99,Yes,Yes,No,No,No,No,No,No,No,0.0,689.48,4,1,0,No,0.0,0.0,3.0,-25.0,322,Yes
CUST-00648,74,Female,Urban,Divorced,3,Bachelor,63,Two Year,Mailed Check,No,90.37,5812.46,Yes,Yes,Fiber,No,No,No,No,No,No,473.1,700.57,3,1,1,Yes,267.02,41.63,1.0,4.0,117,Yes
CUST-00649,36,Male,Urban,Single,3,High School,16,One Year,Electronic,No,55.28,865.81,No,No,DSL,No,No,No,No,Yes,Yes,158.8,0.0,2,1,1,No,15.76,3.44,4.0,-4.0,72,No
CUST-00650,41,Male,Rural,Divorced,1,Master,25,One Year,Electronic,Yes,108.88,2602.72,Yes,Yes,Fiber,No,Yes,Yes,Yes,No,Yes,31.71,288.18,1,0,0,Yes,285.82,44.71,4.0,-14.0,5,No
CUST-00651,32,Male,Suburban,Married,0,Master,22,Two Year,Credit Card,No,147.32,3357.07,Yes,No,DSL,No,No,Yes,No,Yes,Yes,83.64,965.73,3,0,1,Yes,26.84,3.29,1.0,-42.0,320,No
CUST-00652,58,Female,Urban,Married,2,Bachelor,18,Two Year,Credit Card,No,43.04,760.25,Yes,Yes,No,No,No,No,No,No,No,0.0,912.4,3,0,0,No,0.0,0.0,2.0,-87.0,21,Yes
CUST-00653,59,Female,Rural,Single,2,Bachelor,45,Month-to-Month,Credit Card,No,62.38,2721.67,Yes,Yes,No,No,No,No,No,No,No,0.0,238.97,2,4,1,No,0.0,0.0,4.0,2.0,178,Yes
CUST-00654,40,Male,Suburban,Married,3,Bachelor,68,Month-to-Month,Credit Card,No,90.44,6160.11,Yes,Yes,Fiber,No,No,Yes,No,Yes,Yes,389.39,880.51,2,0,0,No,87.87,19.04,4.0,76.0,195,No
CUST-00655,69,Male,Rural,Married,2,Bachelor,12,Month-to-Month,Mailed Check,Yes,42.13,526.27,Yes,Yes,Fiber,Yes,No,Yes,No,Yes,No,404.39,1075.42,3,2,1,No,209.82,44.43,4.0,-71.0,108,Yes
CUST-00656,69,Female,Urban,Married,1,Bachelor,49,Month-to-Month,Electronic,Yes,22.89,1070.35,Yes,Yes,Fiber,Yes,No,No,Yes,Yes,Yes,411.62,223.7,4,1,1,No,172.03,35.86,3.0,9.0,184,Yes
CUST-00657,21,Female,Suburban,Married,3,High School,33,Month-to-Month,Electronic,No,63.81,2161.63,Yes,No,No,No,No,No,No,No,No,0.0,1068.74,3,0,2,No,0.0,0.0,5.0,-3.0,54,No
CUST-00658,55,Female,Rural,Married,5,Bachelor,63,Month-to-Month,Mailed Check,No,132.5,8407.88,Yes,No,DSL,Yes,No,No,No,Yes,No,88.56,1922.55,3,0,1,No,52.95,9.96,4.0,-92.0,228,Yes
CUST-00659,21,Male,Urban,Divorced,2,Bachelor,18,Two Year,Electronic,No,25.65,458.27,Yes,Yes,Fiber,No,Yes,No,No,No,Yes,74.12,1959.94,4,1,0,Yes,190.72,50.04,4.0,-77.0,18,No
CUST-00660,22,Male,Rural,Single,3,High School,54,Two Year,Credit Card,Yes,75.76,4190.94,Yes,Yes,Fiber,No,No,No,No,Yes,No,286.99,1110.19,3,4,1,No,265.77,43.33,2.0,11.0,363,Yes
CUST-00661,58,Male,Rural,Married,2,Bachelor,27,One Year,Bank Transfer,No,119.09,3365.1,No,No,No,No,No,No,No,No,No,0.0,0.0,2,1,0,Yes,0.0,0.0,3.0,-60.0,215,No
CUST-00662,61,Male,Rural,Single,2,High School,25,One Year,Credit Card,Yes,143.91,3500.42,Yes,No,No,No,No,No,No,No,No,0.0,642.47,2,1,1,Yes,0.0,0.0,4.0,87.0,47,No
CUST-00663,40,Female,Urban,Married,2,Master,34,Month-to-Month,Bank Transfer,Yes,148.11,4856.35,Yes,No,No,No,No,No,No,No,No,0.0,1994.52,3,1,0,No,0.0,0.0,3.0,-69.0,159,Yes
CUST-00664,57,Male,Urban,Divorced,2,High School,60,Month-to-Month,Electronic,Yes,74.86,4676.8,Yes,Yes,Fiber,Yes,No,No,Yes,Yes,No,301.1,621.04,2,0,0,No,165.7,38.3,2.0,74.0,272,Yes
CUST-00665,70,Male,Urban,Single,1,Master,54,Month-to-Month,Bank Transfer,Yes,143.55,7882.67,Yes,Yes,DSL,No,Yes,No,Yes,No,Yes,16.06,960.51,1,3,0,No,85.14,,4.0,-80.0,95,Yes
CUST-00666,54,Female,Rural,Married,2,Bachelor,5,Two Year,Electronic,Yes,24.6,122.26,Yes,No,Fiber,No,No,No,No,No,No,16.42,105.57,2,1,0,No,84.61,23.1,4.0,69.0,29,No
CUST-00667,28,Male,Urban,Married,2,Master,36,Month-to-Month,Credit Card,No,116.97,4241.74,No,No,Fiber,Yes,No,No,No,No,No,360.8,0.0,1,2,1,No,161.55,43.04,4.0,-31.0,120,Yes
CUST-00668,72,Female,Suburban,Single,1,Bachelor,54,Two Year,Electronic,Yes,103.56,5729.43,Yes,No,Fiber,Yes,Yes,No,Yes,Yes,Yes,96.56,235.74,0,2,0,Yes,213.96,53.65,4.0,10.0,353,No
CUST-00669,28,Male,Urban,Married,1,Master,36,One Year,Credit Card,Yes,52.44,1939.3,Yes,Yes,DSL,Yes,Yes,Yes,No,Yes,Yes,326.1,1513.27,1,4,1,No,75.3,14.55,4.0,-12.0,189,No
CUST-00670,30,Female,Urban,Married,3,High School,69,Month-to-Month,Bank Transfer,Yes,85.95,6179.67,Yes,No,Fiber,Yes,Yes,No,No,No,No,273.29,1165.93,1,0,2,No,,30.38,4.0,-99.0,151,Yes
CUST-00671,31,Male,Urban,Divorced,2,Bachelor,39,Month-to-Month,Mailed Check,Yes,36.84,1426.33,Yes,No,DSL,Yes,Yes,No,Yes,No,Yes,490.9,1187.13,2,0,3,No,78.96,15.46,5.0,58.0,254,Yes
CUST-00672,25,Female,Suburban,Divorced,0,High School,70,One Year,Bank Transfer,No,133.31,9138.75,Yes,No,No,No,No,No,No,No,No,0.0,644.37,5,1,0,Yes,0.0,0.0,4.0,-45.0,190,Yes
CUST-00673,42,Male,Rural,Married,3,Bachelor,4,Two Year,Credit Card,Yes,66.53,269.82,Yes,No,DSL,Yes,Yes,Yes,No,Yes,Yes,206.57,1648.3,1,3,0,No,82.47,22.76,4.0,57.0,141,No
CUST-00674,35,Male,Urban,Married,3,Bachelor,65,One Year,Mailed Check,Yes,101.39,6534.54,Yes,Yes,Fiber,No,Yes,No,No,No,Yes,308.21,106.21,2,0,3,No,267.92,74.51,3.0,90.0,245,Yes
CUST-00675,68,Female,Rural,Married,1,Bachelor,40,Month-to-Month,Credit Card,No,40.64,1641.01,Yes,No,DSL,Yes,No,Yes,Yes,No,Yes,58.64,733.84,1,2,0,No,34.72,6.63,5.0,-86.0,33,No
CUST-00676,61,Male,Suburban,Married,0,Bachelor,37,One Year,Credit Card,No,46.8,1717.8,No,No,Fiber,No,No,Yes,No,Yes,No,193.19,0.0,4,2,0,No,110.06,29.92,1.0,-83.0,186,Yes
CUST-00677,61,Male,Suburban,Married,4,High School,67,Month-to-Month,Credit Card,No,148.95,9633.63,Yes,No,No,No,No,No,No,No,No,0.0,1825.05,0,1,0,No,,0.0,4.0,-69.0,85,Yes
CUST-00678,35,Female,Suburban,Married,3,Bachelor,31,Two Year,Credit Card,No,117.9,3643.76,Yes,No,DSL,No,Yes,Yes,Yes,No,Yes,311.34,545.77,1,0,1,Yes,,11.88,3.0,-87.0,160,No
CUST-00679,27,Female,Urban,Divorced,0,Bachelor,47,One Year,Bank Transfer,No,145.06,6947.81,Yes,Yes,DSL,No,Yes,No,Yes,No,Yes,242.24,1128.09,3,2,0,Yes,42.8,8.97,4.0,89.0,363,No
CUST-00680,24,Male,Urban,Married,0,High School,27,One Year,Electronic,Yes,58.46,1625.68,No,No,DSL,Yes,No,No,Yes,Yes,No,88.26,0.0,1,3,1,Yes,68.43,15.76,3.0,-49.0,117,No
CUST-00681,67,Male,Suburban,Married,1,Master,51,Month-to-Month,Credit Card,No,41.39,2109.64,Yes,No,Fiber,No,No,No,Yes,No,Yes,401.57,1760.93,1,0,1,No,295.1,38.54,4.0,-79.0,110,No
CUST-00682,61,Male,Urban,Married,2,PhD,20,One Year,Bank Transfer,No,85.4,1650.8,Yes,No,Fiber,Yes,No,No,Yes,No,Yes,136.58,195.98,2,0,1,No,136.88,26.62,1.0,-87.0,57,No
CUST-00683,31,Male,Suburban,Married,0,Master,13,Month-to-Month,Mailed Check,Yes,84.31,1086.64,Yes,No,DSL,Yes,Yes,No,No,No,Yes,410.24,906.5,0,0,0,No,13.45,1.6,3.0,-67.0,17,No
CUST-00684,32,Female,Urban,Married,1,Master,63,Month-to-Month,Bank Transfer,No,42.74,2769.91,Yes,Yes,Fiber,No,No,No,No,No,Yes,305.8,446.68,1,0,1,No,114.1,25.15,5.0,-15.0,358,No
CUST-00685,33,Female,Suburban,Married,1,High School,44,Month-to-Month,Credit Card,No,115.32,5029.8,Yes,Yes,DSL,No,Yes,No,No,No,Yes,186.37,140.91,3,1,0,No,91.84,24.89,3.0,-45.0,139,No
CUST-00686,19,Male,Urban,Single,3,PhD,24,Two Year,Credit Card,Yes,67.03,1640.36,Yes,Yes,No,No,No,No,No,No,No,0.0,379.36,3,2,2,Yes,0.0,0.0,1.0,80.0,193,Yes
CUST-00687,47,Female,Suburban,Married,1,Bachelor,3,One Year,Credit Card,Yes,44.23,132.78,Yes,No,No,No,No,No,No,No,No,0.0,1955.29,3,2,1,No,0.0,0.0,4.0,76.0,129,No
CUST-00688,47,Female,Urban,Married,1,High School,10,Month-to-Month,Credit Card,No,63.16,615.23,Yes,No,No,No,No,No,No,No,No,0.0,508.21,1,0,0,No,0.0,,,-38.0,211,No
CUST-00689,35,Female,Rural,Married,4,Master,65,Two Year,Mailed Check,Yes,93.28,6242.47,Yes,No,No,No,No,No,No,No,No,0.0,1876.56,3,1,0,Yes,0.0,0.0,1.0,43.0,283,Yes
CUST-00690,48,Male,Urban,Married,0,High School,49,Month-to-Month,Mailed Check,Yes,114.44,5374.46,Yes,No,Fiber,Yes,No,No,No,No,No,287.43,489.98,0,1,0,No,254.66,66.99,1.0,-21.0,119,Yes
CUST-00691,61,Male,Suburban,Married,0,Bachelor,58,Month-to-Month,Bank Transfer,No,82.65,4805.39,Yes,No,Fiber,Yes,No,No,No,No,No,233.16,1869.46,3,0,0,No,112.03,26.21,4.0,-61.0,41,Yes
CUST-00692,65,Female,Suburban,Married,3,High School,2,Month-to-Month,Electronic,Yes,88.33,171.51,Yes,No,Fiber,No,Yes,No,Yes,Yes,Yes,323.57,1343.78,3,0,0,No,,37.88,3.0,-63.0,2,No
CUST-00693,30,Male,Suburban,Divorced,0,Bachelor,66,One Year,Bank Transfer,Yes,38.06,2403.4,Yes,No,DSL,Yes,Yes,No,Yes,No,No,233.12,315.12,1,3,0,Yes,91.63,24.22,3.0,45.0,228,Yes
CUST-00694,37,Male,Urban,Married,3,Bachelor,31,One Year,Mailed Check,No,138.91,4307.47,Yes,No,DSL,No,No,Yes,Yes,No,Yes,322.15,1205.64,1,0,1,Yes,59.09,12.05,5.0,-78.0,228,No
CUST-00695,66,Male,Suburban,Divorced,0,Bachelor,68,One Year,Credit Card,No,140.73,9569.5,Yes,Yes,DSL,No,No,No,No,Yes,Yes,153.7,705.18,4,0,0,Yes,71.28,12.36,2.0,9.0,342,No
CUST-00696,67,Male,Urban,Married,0,High School,37,One Year,Credit Card,Yes,108.85,4110.61,Yes,No,Fiber,No,No,No,Yes,Yes,No,419.25,827.99,0,1,0,Yes,143.62,33.96,4.0,-53.0,140,No
CUST-00697,52,Female,Urban,Married,4,Bachelor,24,Month-to-Month,Bank Transfer,No,22.29,548.1,Yes,Yes,Fiber,No,Yes,No,Yes,No,No,350.96,936.32,4,0,1,No,149.59,32.62,4.0,-19.0,56,Yes
CUST-00698,40,Female,Suburban,Married,1,Bachelor,44,Two Year,Credit Card,Yes,89.82,4042.09,Yes,Yes,DSL,No,No,Yes,Yes,Yes,No,164.99,903.14,1,1,0,No,89.12,20.13,5.0,73.0,215,No
CUST-00699,59,Male,Suburban,Single,2,Bachelor,41,Month-to-Month,Mailed Check,Yes,101.8,4135.99,Yes,No,DSL,No,Yes,Yes,No,No,No,415.33,1361.81,3,3,0,No,26.05,4.39,5.0,12.0,130,Yes
CUST-00700,50,Male,Suburban,Single,0,Master,51,Two Year,Credit Card,Yes,149.31,7714.83,Yes,No,Fiber,No,No,No,No,Yes,Yes,243.67,1559.9,1,1,1,Yes,274.2,50.93,4.0,-79.0,113,No
CUST-00701,55,Female,Rural,Married,0,Bachelor,42,One Year,Bank Transfer,No,149.49,6326.84,Yes,No,DSL,Yes,No,No,No,Yes,Yes,87.32,725.44,2,1,0,Yes,12.29,,4.0,,190,No
CUST-00702,52,Male,Urban,Married,3,Master,40,One Year,Bank Transfer,Yes,131.49,5218.32,No,No,No,No,No,No,No,No,No,0.0,0.0,1,2,1,No,0.0,,4.0,-47.0,242,Yes
CUST-00703,68,Female,Rural,Married,1,High School,48,One Year,Credit Card,Yes,28.3,1371.51,Yes,No,DSL,No,Yes,Yes,No,No,No,349.8,1883.09,1,2,0,Yes,98.46,24.87,3.0,-61.0,293,Yes
CUST-00704,53,Female,Urban,Married,1,Bachelor,4,One Year,Bank Transfer,No,143.93,601.45,Yes,No,Fiber,No,No,No,Yes,Yes,No,432.56,177.31,2,2,1,No,153.74,19.02,3.0,-71.0,314,Yes
CUST-00705,37,Male,Suburban,Single,0,High School,60,Month-to-Month,Credit Card,Yes,99.65,5795.15,Yes,Yes,Fiber,No,No,No,No,Yes,No,403.72,128.33,2,0,1,No,163.57,24.39,5.0,82.0,27,Yes
CUST-00706,72,Female,Suburban,Single,1,Bachelor,39,Two Year,Credit Card,No,124.12,5036.91,No,No,DSL,No,Yes,No,Yes,No,Yes,327.83,0.0,1,1,0,No,69.27,7.3,3.0,83.0,25,Yes
CUST-00707,20,Female,Suburban,Married,3,High School,5,Month-to-Month,Electronic,Yes,72.94,348.39,No,No,Fiber,No,Yes,No,No,Yes,Yes,70.69,0.0,1,1,0,No,94.34,9.58,1.0,-59.0,83,No
CUST-00708,25,Male,Urban,Single,3,Bachelor,6,Month-to-Month,Credit Card,No,61.56,362.27,Yes,No,Fiber,No,No,No,No,Yes,No,47.02,628.02,4,1,1,No,105.08,15.22,5.0,69.0,346,Yes
CUST-00709,57,Male,Suburban,Married,2,Bachelor,14,One Year,Bank Transfer,Yes,80.22,1099.31,Yes,No,No,No,No,No,No,No,No,0.0,592.89,1,1,0,No,0.0,0.0,4.0,,320,No
CUST-00710,49,Female,Urban,Married,2,High School,70,One Year,Mailed Check,Yes,39.09,2771.14,Yes,Yes,Fiber,Yes,Yes,No,Yes,Yes,Yes,427.46,1388.83,2,0,2,No,247.04,69.41,2.0,26.0,329,No
CUST-00711,46,Male,Urban,Married,1,Bachelor,12,Month-to-Month,Electronic,Yes,66.42,767.63,No,No,DSL,Yes,No,Yes,Yes,No,Yes,480.87,0.0,2,0,0,No,11.64,2.08,1.0,80.0,201,Yes
CUST-00712,24,Female,Urban,Single,1,PhD,62,Two Year,Credit Card,No,131.49,8464.1,Yes,Yes,DSL,No,No,No,Yes,Yes,Yes,120.68,417.58,0,1,0,No,14.65,3.11,3.0,-19.0,60,Yes
CUST-00713,19,Female,Suburban,Single,2,High School,27,Two Year,Electronic,No,24.93,695.32,No,No,DSL,No,Yes,Yes,Yes,Yes,Yes,381.05,0.0,2,2,0,No,11.44,2.76,5.0,-48.0,184,No
CUST-00714,38,Male,Urban,Married,0,Master,54,One Year,Bank Transfer,Yes,39.61,2171.69,Yes,Yes,DSL,No,No,No,No,No,No,286.93,1391.95,0,0,2,Yes,,19.1,5.0,91.0,245,No
CUST-00715,23,Male,Urban,Married,0,Master,12,One Year,Mailed Check,No,36.27,433.37,Yes,Yes,Fiber,Yes,No,No,No,No,No,15.9,788.89,1,0,0,Yes,111.94,31.63,3.0,-100.0,0,No
CUST-00716,45,Female,Urban,Single,4,Bachelor,8,One Year,Credit Card,Yes,72.4,604.28,Yes,Yes,No,No,No,No,No,No,No,0.0,1398.89,2,1,2,No,0.0,0.0,5.0,5.0,242,Yes
CUST-00717,65,Male,Urban,Divorced,0,Master,16,Month-to-Month,Credit Card,No,149.61,2472.9,Yes,Yes,Fiber,Yes,No,Yes,No,No,Yes,402.97,314.04,3,0,0,No,250.47,37.48,3.0,96.0,31,Yes
CUST-00718,59,Female,Rural,Single,0,PhD,52,One Year,Credit Card,No,42.54,2211.75,No,No,Fiber,No,No,Yes,No,No,Yes,138.06,0.0,0,0,0,Yes,67.4,7.4,4.0,-74.0,234,Yes
CUST-00719,53,Female,Rural,Married,2,Bachelor,26,Two Year,Electronic,No,38.91,1032.16,Yes,Yes,Fiber,Yes,Yes,No,No,No,Yes,448.68,421.07,1,3,1,Yes,204.72,45.72,3.0,-84.0,16,No
CUST-00720,49,Female,Urban,Single,2,Bachelor,8,Two Year,Bank Transfer,No,138.96,1119.1,No,No,No,No,No,No,No,No,No,0.0,0.0,2,0,1,No,0.0,0.0,4.0,-38.0,88,No
CUST-00721,62,Male,Suburban,Married,1,Bachelor,45,Two Year,Credit Card,No,134.67,6113.29,Yes,No,DSL,No,Yes,Yes,No,No,No,38.24,742.82,0,0,1,No,69.63,11.26,3.0,27.0,51,No
CUST-00722,59,Female,Suburban,Married,1,Bachelor,19,Month-to-Month,Bank Transfer,Yes,24.19,451.86,Yes,Yes,Fiber,No,Yes,No,No,No,Yes,79.97,386.4,3,1,0,No,114.25,30.93,1.0,68.0,163,Yes
CUST-00723,70,Female,Suburban,Single,5,Bachelor,17,Month-to-Month,Bank Transfer,No,117.72,1993.68,Yes,No,No,No,No,No,No,No,No,0.0,1303.68,1,1,0,No,0.0,0.0,2.0,20.0,302,Yes
CUST-00724,63,Female,Suburban,Married,2,Master,65,Month-to-Month,Bank Transfer,No,105.21,6550.18,Yes,No,DSL,No,Yes,Yes,No,No,Yes,208.65,1380.73,3,1,0,No,55.7,16.69,3.0,85.0,31,Yes
CUST-00725,26,Male,Urban,Married,3,Master,29,Month-to-Month,Bank Transfer,No,119.81,3424.82,Yes,No,DSL,No,No,No,No,No,Yes,398.47,382.52,4,2,0,No,75.85,7.59,5.0,21.0,197,No
CUST-00726,28,Female,Suburban,Married,0,High School,14,Month-to-Month,Mailed Check,Yes,84.29,1203.1,No,No,No,No,No,No,No,No,No,0.0,0.0,3,1,1,No,0.0,0.0,5.0,84.0,350,Yes
CUST-00727,40,Female,Urban,Single,0,High School,17,Month-to-Month,Mailed Check,Yes,148.88,2645.65,Yes,No,Fiber,No,Yes,No,No,Yes,No,240.28,1606.34,1,1,0,No,284.21,45.58,5.0,26.0,200,No
CUST-00728,67,Male,Urban,Married,1,Master,13,One Year,Credit Card,Yes,25.7,349.57,Yes,Yes,DSL,No,Yes,Yes,Yes,Yes,Yes,403.46,103.91,3,0,0,Yes,,7.53,3.0,65.0,106,No
CUST-00729,28,Female,Suburban,Single,0,High School,63,Two Year,Electronic,No,50.47,3197.22,No,No,Fiber,Yes,No,No,No,Yes,No,211.74,0.0,1,1,0,Yes,51.78,13.28,3.0,21.0,335,Yes
CUST-00730,66,Male,Suburban,Married,0,Bachelor,33,One Year,Credit Card,Yes,71.55,2386.36,Yes,Yes,Fiber,Yes,No,No,No,No,No,401.02,1039.71,1,2,0,Yes,116.4,12.87,3.0,-35.0,344,No
CUST-00731,19,Male,Urban,Married,0,High School,29,Two Year,Bank Transfer,Yes,78.47,2204.14,Yes,Yes,Fiber,No,No,No,No,Yes,Yes,50.33,1655.42,1,0,0,Yes,276.44,69.05,3.0,72.0,295,No
CUST-00732,20,Female,Suburban,Married,1,High School,37,Month-to-Month,Electronic,Yes,139.78,5272.79,Yes,No,Fiber,No,No,No,No,Yes,Yes,318.16,1693.26,3,2,0,No,210.86,23.3,1.0,-78.0,27,Yes
CUST-00733,28,Male,Suburban,Married,2,High School,46,Month-to-Month,Electronic,Yes,92.8,4085.55,Yes,No,DSL,No,Yes,No,Yes,Yes,No,351.29,1477.38,0,0,0,No,54.52,8.21,4.0,,336,No
CUST-00734,67,Female,Rural,Married,3,Bachelor,24,Two Year,Electronic,Yes,25.86,607.38,Yes,No,Fiber,Yes,Yes,No,No,Yes,No,449.55,569.68,2,1,0,Yes,88.99,23.87,1.0,-65.0,286,No
CUST-00735,52,Female,Suburban,Married,0,High School,14,One Year,Bank Transfer,Yes,73.02,1039.52,Yes,Yes,Fiber,No,No,No,No,No,Yes,112.16,1468.36,0,0,0,Yes,124.19,,5.0,69.0,118,No
CUST-00736,32,Male,Suburban,Single,1,Bachelor,5,One Year,Credit Card,No,74.14,363.69,No,No,No,No,No,No,No,No,No,0.0,0.0,3,2,0,No,0.0,0.0,4.0,49.0,342,No
CUST-00737,60,Male,Suburban,Single,0,Bachelor,53,Month-to-Month,Credit Card,No,145.51,7365.06,Yes,Yes,DSL,No,No,Yes,Yes,Yes,Yes,216.63,507.76,5,1,1,No,63.55,18.68,3.0,87.0,30,Yes
CUST-00738,28,Female,Urban,Married,1,Bachelor,30,Month-to-Month,Electronic,Yes,97.9,3034.33,Yes,Yes,No,No,No,No,No,No,No,0.0,1139.54,2,0,0,No,0.0,0.0,4.0,-90.0,153,No
CUST-00739,48,Female,Urban,Married,1,Master,60,One Year,Bank Transfer,No,102.63,6041.28,Yes,No,DSL,No,No,No,No,Yes,No,53.36,1389.82,1,1,1,No,45.87,8.4,3.0,-73.0,259,No
CUST-00740,45,Female,Urban,Single,1,Bachelor,28,Two Year,Electronic,No,112.72,3018.35,No,No,Fiber,Yes,No,No,No,Yes,No,67.12,0.0,3,2,0,Yes,210.57,54.87,3.0,-56.0,106,No
CUST-00741,45,Female,Suburban,Married,3,Bachelor,26,Two Year,Electronic,Yes,120.11,2989.95,Yes,No,No,No,No,No,No,No,No,0.0,214.04,2,1,0,Yes,0.0,0.0,3.0,23.0,250,Yes
CUST-00742,49,Male,Suburban,Married,3,Bachelor,18,One Year,Bank Transfer,Yes,102.56,1800.19,Yes,No,Fiber,Yes,No,No,Yes,No,Yes,374.88,1589.92,2,3,1,No,69.92,10.71,4.0,21.0,362,No
CUST-00743,42,Male,Rural,Married,2,Bachelor,36,One Year,Credit Card,No,50.84,1771.14,Yes,Yes,DSL,No,No,No,No,No,No,191.17,1733.04,2,0,2,Yes,97.85,22.63,3.0,49.0,106,Yes
CUST-00744,37,Female,Suburban,Single,3,PhD,8,Two Year,Credit Card,Yes,133.63,1098.33,Yes,Yes,DSL,Yes,No,Yes,No,Yes,No,414.24,1248.44,3,0,1,No,64.65,,4.0,-20.0,116,No
CUST-00745,45,Female,Urban,Married,2,Bachelor,18,One Year,Credit Card,No,115.18,2036.19,Yes,No,Fiber,No,No,No,Yes,No,No,40.38,914.77,4,1,0,Yes,189.12,24.05,3.0,90.0,244,Yes
CUST-00746,42,Male,Urban,Single,3,Bachelor,58,One Year,Electronic,Yes,116.44,6959.49,Yes,Yes,Fiber,No,No,No,Yes,Yes,No,312.39,1706.1,1,0,2,Yes,163.85,18.58,3.0,58.0,78,No
CUST-00747,28,Female,Urban,Single,2,Master,32,Two Year,Bank Transfer,Yes,149.55,4629.59,Yes,No,No,No,No,No,No,No,No,0.0,1484.75,1,1,0,Yes,0.0,0.0,3.0,-90.0,228,Yes
CUST-00748,36,Female,Suburban,Married,1,Bachelor,49,Two Year,Electronic,No,124.33,6087.76,Yes,No,Fiber,Yes,No,Yes,No,Yes,Yes,419.43,1201.23,3,1,1,Yes,189.69,44.61,4.0,-65.0,22,Yes
CUST-00749,45,Female,Suburban,Single,2,High School,48,Two Year,Electronic,Yes,127.79,6249.24,Yes,Yes,No,No,No,No,No,No,No,0.0,707.54,0,1,0,No,0.0,0.0,4.0,-23.0,196,No
CUST-00750,18,Male,Rural,Single,0,Bachelor,71,Month-to-Month,Bank Transfer,No,143.68,10356.53,Yes,No,Fiber,No,Yes,Yes,No,Yes,No,372.62,476.19,3,1,1,No,177.64,49.61,4.0,-66.0,360,Yes
CUST-00751,22,Female,Suburban,Single,2,Master,65,One Year,Bank Transfer,Yes,39.65,2603.14,Yes,No,No,No,No,No,No,No,No,0.0,895.48,1,1,0,Yes,0.0,0.0,3.0,26.0,187,No
CUST-00752,27,Female,Rural,Married,4,Bachelor,33,Two Year,Electronic,Yes,84.7,2914.0,Yes,Yes,DSL,No,Yes,Yes,No,No,No,420.07,644.96,0,1,1,Yes,81.99,19.85,1.0,50.0,216,No
CUST-00753,59,Female,Suburban,Single,2,Master,50,Month-to-Month,Electronic,Yes,95.47,4644.09,Yes,No,No,No,No,No,No,No,No,0.0,744.59,1,0,4,No,0.0,0.0,4.0,-72.0,246,Yes
CUST-00754,63,Female,Rural,Single,0,Bachelor,4,Two Year,Bank Transfer,Yes,62.81,251.07,Yes,Yes,Fiber,No,Yes,Yes,No,Yes,No,382.43,1079.7,0,1,0,No,182.5,48.94,2.0,50.0,153,Yes
CUST-00755,51,Female,Suburban,Married,1,Bachelor,36,Month-to-Month,Bank Transfer,Yes,129.12,4826.9,Yes,No,No,No,No,No,No,No,No,,421.28,0,0,1,No,0.0,0.0,3.0,23.0,194,No
CUST-00756,53,Female,Suburban,Married,3,PhD,28,Two Year,Electronic,Yes,119.11,3194.43,Yes,Yes,DSL,No,No,No,Yes,Yes,Yes,295.01,1631.74,2,4,0,No,68.87,16.26,3.0,-85.0,115,No
CUST-00757,19,Female,Suburban,Divorced,4,Bachelor,3,One Year,Bank Transfer,Yes,113.71,325.99,Yes,Yes,Fiber,Yes,Yes,No,No,No,No,275.14,376.51,2,2,1,No,214.71,39.23,4.0,2.0,195,No
CUST-00758,35,Male,Suburban,Married,1,Master,6,Month-to-Month,Electronic,No,149.63,873.83,Yes,No,Fiber,Yes,Yes,Yes,No,No,Yes,304.99,1013.89,1,1,1,No,244.65,56.13,4.0,-17.0,54,Yes
CUST-00759,30,Male,Urban,Married,3,Master,45,One Year,Credit Card,Yes,53.72,2449.54,Yes,Yes,No,No,No,No,No,No,No,,1517.35,0,0,1,Yes,0.0,0.0,2.0,,174,No
CUST-00760,68,Female,Urban,Married,3,Master,23,One Year,Electronic,No,115.61,2595.17,Yes,No,Fiber,Yes,No,Yes,No,Yes,Yes,459.05,1021.54,4,2,0,Yes,170.46,31.87,4.0,-5.0,143,No
CUST-00761,22,Male,Urban,Single,0,High School,7,One Year,Credit Card,Yes,91.68,621.9,Yes,No,Fiber,No,No,No,Yes,No,Yes,392.84,785.94,1,0,0,No,297.92,42.28,4.0,90.0,313,No
CUST-00762,37,Male,Suburban,Divorced,3,Bachelor,61,Month-to-Month,Electronic,Yes,60.69,3686.75,No,No,Fiber,No,No,No,Yes,No,Yes,109.82,0.0,3,1,1,No,151.2,16.28,3.0,-51.0,362,Yes
CUST-00763,19,Male,Suburban,Married,1,Master,65,Two Year,Credit Card,No,40.88,2687.14,Yes,No,Fiber,Yes,No,No,Yes,No,Yes,412.95,1712.47,1,2,2,No,76.65,16.69,3.0,100.0,216,No
CUST-00764,28,Male,Urban,Single,2,Bachelor,6,One Year,Credit Card,Yes,136.46,798.2,Yes,No,DSL,No,Yes,Yes,No,Yes,Yes,61.04,1981.82,0,1,1,No,26.56,7.25,4.0,-58.0,256,Yes
CUST-00765,47,Male,Urban,Married,1,Bachelor,24,One Year,Credit Card,Yes,97.41,2291.23,Yes,Yes,DSL,Yes,Yes,No,No,Yes,Yes,311.1,1299.17,0,1,0,Yes,56.81,5.97,4.0,-82.0,126,No
CUST-00766,49,Male,Urban,Single,2,High School,37,Month-to-Month,Electronic,Yes,127.24,4761.39,Yes,No,DSL,No,No,No,No,No,Yes,441.38,1607.54,1,4,0,No,54.64,7.61,1.0,12.0,172,Yes
CUST-00767,49,Female,Suburban,Divorced,2,Bachelor,45,Two Year,Credit Card,No,90.89,4272.59,Yes,No,Fiber,No,Yes,Yes,No,No,No,50.56,127.53,2,1,0,Yes,94.74,18.19,4.0,20.0,93,No
CUST-00768,67,Female,Urban,Divorced,1,Bachelor,51,Month-to-Month,Bank Transfer,No,48.6,2521.76,Yes,No,No,No,No,No,No,No,No,0.0,1772.69,1,1,0,No,0.0,0.0,4.0,-83.0,218,Yes
CUST-00769,55,Female,Urban,Married,3,Bachelor,45,One Year,Credit Card,Yes,63.88,2955.99,Yes,No,No,No,No,No,No,No,No,0.0,1912.69,2,2,0,Yes,0.0,0.0,4.0,33.0,51,No
CUST-00770,72,Male,Urban,Single,3,High School,63,Two Year,Bank Transfer,Yes,69.6,4326.4,Yes,No,DSL,Yes,No,No,Yes,Yes,Yes,251.89,1192.82,2,0,1,Yes,15.55,1.73,2.0,-66.0,18,Yes
CUST-00771,45,Female,Urban,Single,3,High School,29,Month-to-Month,Credit Card,No,146.48,4151.22,Yes,No,DSL,No,Yes,Yes,Yes,Yes,No,154.45,1532.23,2,1,0,No,44.64,9.1,3.0,-87.0,357,No
CUST-00772,27,Female,Rural,Single,1,High School,25,One Year,Credit Card,Yes,20.73,515.94,Yes,No,DSL,No,No,No,Yes,No,Yes,202.72,1074.22,1,0,0,Yes,46.88,12.37,4.0,-37.0,236,No
CUST-00773,39,Female,Urban,Single,0,Master,10,Month-to-Month,Credit Card,Yes,148.14,1526.86,Yes,Yes,DSL,Yes,No,Yes,No,No,Yes,484.33,643.79,3,0,0,No,38.78,4.15,4.0,,170,No
CUST-00774,72,Male,Suburban,Married,1,Master,35,Two Year,Mailed Check,Yes,147.46,5138.55,Yes,No,DSL,No,No,Yes,Yes,Yes,No,100.85,1719.27,1,3,0,Yes,33.22,5.64,3.0,62.0,274,No
CUST-00775,34,Male,Suburban,Divorced,3,High School,55,One Year,Electronic,Yes,149.5,8507.57,No,No,Fiber,Yes,Yes,No,Yes,Yes,No,289.8,0.0,2,1,0,No,254.37,59.19,4.0,-99.0,294,No
CUST-00776,39,Female,Rural,Married,0,High School,25,Two Year,Electronic,Yes,81.96,2149.06,Yes,No,Fiber,Yes,No,Yes,No,No,No,41.62,1200.83,0,0,1,Yes,260.29,32.84,4.0,-95.0,363,No
CUST-00777,60,Female,Urban,Married,5,Bachelor,45,Two Year,Credit Card,No,145.3,6258.46,Yes,No,Fiber,No,No,No,No,Yes,No,108.95,1352.35,5,1,0,No,,22.83,4.0,-2.0,159,Yes
CUST-00778,36,Female,Urban,Married,3,Bachelor,12,One Year,Mailed Check,Yes,71.43,818.17,Yes,No,Fiber,No,No,Yes,No,No,Yes,,1726.41,3,1,0,Yes,266.89,55.27,2.0,20.0,239,Yes
CUST-00779,34,Female,Urban,Divorced,2,Master,4,One Year,Mailed Check,Yes,23.42,90.39,Yes,Yes,DSL,No,No,No,No,No,No,151.3,1490.62,6,0,1,No,30.2,8.78,4.0,52.0,64,No
CUST-00780,41,Male,Urban,Single,2,Master,67,One Year,Credit Card,No,49.17,3255.97,Yes,No,Fiber,No,No,No,Yes,No,No,492.88,501.14,1,1,2,No,,26.4,4.0,-28.0,216,No
CUST-00781,53,Female,Suburban,Married,2,Master,17,Month-to-Month,Credit Card,Yes,142.89,2339.48,Yes,Yes,No,No,No,No,No,No,No,0.0,986.96,1,2,0,No,0.0,0.0,1.0,77.0,46,Yes
CUST-00782,49,Male,Urban,Married,2,Bachelor,65,One Year,Credit Card,Yes,21.79,1468.81,Yes,No,DSL,Yes,Yes,Yes,Yes,No,No,258.27,1962.57,1,1,0,No,41.85,7.53,,34.0,73,Yes
CUST-00783,73,Female,Urban,Married,1,Bachelor,53,Two Year,Credit Card,Yes,90.98,4591.97,Yes,No,DSL,No,No,No,Yes,No,Yes,18.16,1153.67,0,3,1,Yes,38.91,10.87,1.0,-38.0,163,No
CUST-00784,63,Female,Rural,Divorced,3,Bachelor,57,Month-to-Month,Credit Card,No,29.83,1668.89,Yes,No,DSL,No,No,Yes,No,Yes,Yes,478.26,1882.67,4,2,1,No,94.33,,4.0,55.0,197,Yes
CUST-00785,69,Female,Suburban,Married,2,High School,28,Month-to-Month,Bank Transfer,Yes,57.23,1551.96,Yes,Yes,DSL,No,Yes,No,No,No,Yes,87.12,1645.4,0,2,0,No,48.52,10.35,3.0,-99.0,327,No
CUST-00786,53,Male,Urban,Single,3,High School,16,Month-to-Month,Bank Transfer,Yes,31.45,524.95,Yes,No,Fiber,Yes,No,No,Yes,Yes,Yes,269.17,1365.44,2,2,0,No,79.83,21.49,5.0,-36.0,147,No
CUST-00787,45,Male,Urban,Married,3,High School,21,Month-to-Month,Credit Card,No,131.74,2813.4,Yes,No,DSL,No,Yes,Yes,No,Yes,Yes,197.84,763.79,4,0,1,No,64.22,19.11,5.0,0.0,85,No
CUST-00788,31,Female,Urban,Single,0,Bachelor,42,Month-to-Month,Credit Card,No,96.84,4234.83,Yes,No,Fiber,No,Yes,No,No,Yes,Yes,207.79,678.21,3,2,1,No,272.64,65.36,5.0,86.0,8,No
CUST-00789,53,Female,Rural,Married,0,High School,54,One Year,Credit Card,No,137.27,7762.91,Yes,No,DSL,No,No,Yes,Yes,No,No,321.65,1322.5,2,0,0,Yes,94.56,16.64,4.0,51.0,252,No
CUST-00790,23,Female,Rural,Married,3,High School,32,One Year,Credit Card,Yes,109.49,3502.53,Yes,Yes,Fiber,No,Yes,Yes,Yes,Yes,No,331.04,921.87,1,1,0,Yes,139.24,25.39,5.0,89.0,231,No
CUST-00791,26,Female,Rural,Married,0,Bachelor,38,One Year,Credit Card,Yes,146.23,5409.25,Yes,Yes,DSL,Yes,Yes,Yes,No,No,No,77.14,1617.63,2,0,0,Yes,14.03,2.39,3.0,98.0,246,No
CUST-00792,38,Male,Rural,Divorced,2,PhD,70,Month-to-Month,Electronic,Yes,86.28,5854.9,Yes,No,Fiber,No,No,No,No,No,Yes,249.79,1544.87,2,2,0,No,104.69,23.11,4.0,-63.0,0,No
CUST-00793,29,Female,Suburban,Married,1,High School,38,One Year,Electronic,Yes,103.03,3806.75,Yes,No,DSL,No,No,No,No,Yes,Yes,395.24,693.05,1,2,0,Yes,40.21,9.97,3.0,-39.0,266,No
CUST-00794,47,Female,Urban,Single,0,Bachelor,54,Two Year,Credit Card,No,94.92,5232.61,Yes,No,DSL,No,Yes,Yes,No,No,No,221.64,1435.18,2,0,0,Yes,18.35,4.84,2.0,92.0,104,No
CUST-00795,48,Female,Urban,Single,0,High School,60,Two Year,Bank Transfer,Yes,82.95,4748.5,Yes,Yes,No,No,No,No,No,No,No,0.0,1039.65,2,1,1,No,0.0,0.0,1.0,18.0,233,Yes
CUST-00796,57,Male,Suburban,Divorced,3,Master,47,One Year,Electronic,No,129.97,5834.75,Yes,No,Fiber,No,Yes,Yes,No,No,No,156.61,714.25,0,4,0,No,216.84,52.77,4.0,78.0,256,Yes
CUST-00797,73,Female,Rural,Single,2,Bachelor,12,Month-to-Month,Credit Card,Yes,103.79,1258.93,Yes,Yes,DSL,No,Yes,Yes,Yes,Yes,No,106.19,884.64,0,1,0,No,66.62,18.87,2.0,-49.0,80,Yes
CUST-00798,21,Male,Urban,Single,1,Master,53,Two Year,Electronic,Yes,124.17,6674.53,No,No,Fiber,Yes,Yes,No,No,No,Yes,62.91,0.0,5,2,1,Yes,188.5,53.57,4.0,9.0,122,Yes
CUST-00799,48,Female,Suburban,Single,4,Bachelor,33,One Year,Electronic,No,122.23,4100.16,No,No,Fiber,Yes,Yes,No,No,No,No,188.79,0.0,1,0,0,Yes,222.67,53.62,5.0,-27.0,171,No
CUST-00800,44,Female,Rural,Married,0,Master,28,Month-to-Month,Mailed Check,Yes,44.84,1239.32,Yes,No,Fiber,No,Yes,Yes,Yes,Yes,Yes,270.47,646.06,7,1,1,No,204.86,46.58,,-3.0,306,Yes
CUST-00801,74,Male,Urban,Single,0,High School,3,Month-to-Month,Bank Transfer,No,104.52,323.16,Yes,No,Fiber,No,No,Yes,Yes,Yes,No,36.38,768.43,1,2,0,No,257.8,53.19,4.0,-38.0,272,Yes
CUST-00802,42,Male,Rural,Divorced,3,Bachelor,26,Month-to-Month,Electronic,No,45.95,1198.83,Yes,Yes,No,No,No,No,No,No,No,0.0,507.78,4,0,0,No,0.0,0.0,4.0,38.0,358,Yes
CUST-00803,22,Female,Urban,Divorced,3,High School,54,Month-to-Month,Bank Transfer,Yes,95.83,4970.74,Yes,Yes,DSL,Yes,Yes,Yes,Yes,No,Yes,496.51,1134.81,2,2,0,No,25.44,3.17,3.0,-53.0,246,No
CUST-00804,23,Female,Suburban,Divorced,1,Bachelor,40,Month-to-Month,Electronic,Yes,108.07,4451.09,No,No,Fiber,Yes,Yes,Yes,Yes,Yes,No,482.06,0.0,0,2,1,No,208.13,41.03,5.0,0.0,362,Yes
CUST-00805,22,Male,Urban,Single,4,Master,66,Two Year,Mailed Check,Yes,149.64,10323.74,Yes,Yes,DSL,Yes,Yes,No,No,Yes,No,414.59,1653.14,4,3,0,Yes,23.73,3.13,5.0,81.0,193,No
CUST-00806,68,Male,Suburban,Divorced,4,Bachelor,68,One Year,Electronic,No,23.97,1558.28,Yes,No,Fiber,No,No,No,No,No,No,133.17,528.6,2,0,2,Yes,282.47,60.84,2.0,77.0,111,No
CUST-00807,44,Female,Suburban,Divorced,0,Bachelor,47,One Year,Electronic,Yes,31.86,1481.22,Yes,Yes,No,No,No,No,No,No,No,0.0,1236.3,2,0,1,Yes,0.0,0.0,1.0,-27.0,22,No
CUST-00808,25,Female,Urban,Divorced,0,PhD,2,Two Year,Credit Card,No,30.01,59.95,Yes,No,No,No,No,No,No,No,No,0.0,337.55,1,2,1,No,0.0,0.0,5.0,-63.0,314,No
CUST-00809,26,Male,Rural,Married,3,Bachelor,42,Two Year,Bank Transfer,Yes,71.79,2908.46,Yes,Yes,Fiber,No,Yes,Yes,Yes,Yes,No,,1959.06,0,0,0,Yes,76.1,8.16,5.0,35.0,201,No
CUST-00810,32,Female,Suburban,Married,1,PhD,34,Two Year,Electronic,No,126.81,4469.96,Yes,No,No,No,No,No,No,No,No,0.0,963.69,1,0,0,Yes,0.0,0.0,3.0,-95.0,105,No
CUST-00811,53,Male,Suburban,Single,0,High School,21,Two Year,Bank Transfer,No,129.73,2665.47,Yes,No,Fiber,No,Yes,Yes,Yes,Yes,No,272.23,1662.13,3,2,0,No,71.18,8.73,1.0,-33.0,93,No
CUST-00812,74,Male,Urban,Divorced,3,Master,44,Month-to-Month,Electronic,Yes,115.81,5239.73,No,No,Fiber,No,No,No,No,No,No,89.19,0.0,2,0,0,No,103.38,13.51,4.0,96.0,24,No
CUST-00813,58,Male,Rural,Single,1,High School,2,Two Year,Mailed Check,Yes,136.59,277.86,Yes,Yes,No,No,No,No,No,No,No,0.0,1456.02,4,0,1,No,0.0,0.0,3.0,33.0,144,Yes
CUST-00814,24,Female,Urban,Single,1,Bachelor,59,One Year,Electronic,Yes,61.97,3692.18,Yes,Yes,DSL,No,Yes,No,No,No,No,388.58,1671.99,0,1,0,No,42.41,7.16,5.0,10.0,18,No
CUST-00815,49,Male,Urban,Divorced,0,Bachelor,16,Month-to-Month,Mailed Check,Yes,31.46,487.87,Yes,No,Fiber,No,No,No,No,No,Yes,377.88,290.88,0,1,1,No,194.16,30.75,4.0,,209,Yes
CUST-00816,25,Female,Urban,Married,2,Bachelor,20,One Year,Credit Card,Yes,27.56,535.8,Yes,No,Fiber,Yes,No,No,No,Yes,Yes,,1389.14,3,0,3,Yes,122.35,13.51,4.0,-63.0,81,No
CUST-00817,64,Male,Urban,Single,2,Bachelor,26,One Year,Credit Card,Yes,130.78,3246.3,Yes,Yes,No,No,No,No,No,No,No,0.0,605.07,1,2,1,Yes,0.0,0.0,3.0,14.0,45,No
CUST-00818,68,Female,Rural,Divorced,0,Bachelor,16,Two Year,Mailed Check,No,114.96,1791.62,Yes,No,No,No,No,No,No,No,No,0.0,1593.16,4,2,1,Yes,0.0,0.0,4.0,84.0,34,No
CUST-00819,32,Female,Urban,Divorced,1,PhD,70,Month-to-Month,Mailed Check,No,110.82,7637.5,Yes,Yes,No,No,No,No,No,No,No,0.0,1918.05,3,0,0,No,0.0,0.0,3.0,8.0,201,Yes
CUST-00820,54,Female,Urban,Single,2,PhD,23,One Year,Bank Transfer,No,64.16,1524.79,Yes,No,No,No,No,No,No,No,No,0.0,1812.83,3,1,0,Yes,0.0,0.0,1.0,-37.0,22,No
CUST-00821,36,Female,Rural,Divorced,4,PhD,42,Month-to-Month,Electronic,Yes,69.39,2875.35,Yes,Yes,Fiber,No,No,Yes,Yes,Yes,Yes,61.01,318.41,1,2,2,No,83.3,21.66,4.0,-47.0,364,No
CUST-00822,56,Female,Suburban,Married,4,PhD,37,Month-to-Month,Credit Card,No,144.55,5484.71,Yes,No,DSL,Yes,No,Yes,No,No,Yes,352.79,802.15,5,1,0,No,55.65,8.13,4.0,12.0,299,No
CUST-00823,23,Female,Suburban,Married,0,Master,72,Month-to-Month,Credit Card,Yes,28.29,2024.88,Yes,No,DSL,No,Yes,Yes,Yes,No,Yes,486.05,792.21,1,0,0,No,50.45,9.95,4.0,-87.0,264,No
CUST-00824,36,Male,Urban,Single,2,PhD,6,One Year,Credit Card,Yes,120.59,744.12,Yes,No,Fiber,No,No,Yes,No,Yes,No,21.8,332.36,1,0,0,No,247.8,47.5,5.0,-37.0,345,No
CUST-00825,74,Male,Suburban,Single,3,Master,37,Two Year,Credit Card,Yes,60.25,2335.51,Yes,Yes,Fiber,No,No,No,No,No,No,46.91,286.44,2,2,2,Yes,229.92,39.02,3.0,77.0,348,No
CUST-00826,45,Female,Urban,Single,3,Bachelor,22,Month-to-Month,Electronic,Yes,25.08,537.34,Yes,Yes,Fiber,No,Yes,Yes,Yes,Yes,Yes,61.82,831.29,0,1,1,No,271.86,71.64,3.0,74.0,186,No
CUST-00827,34,Male,Rural,Single,2,Master,6,One Year,Bank Transfer,Yes,116.53,724.54,Yes,No,Fiber,No,No,Yes,Yes,No,No,215.28,1984.94,1,0,0,No,104.34,12.71,4.0,-47.0,297,No
CUST-00828,59,Male,Suburban,Divorced,0,Master,32,Month-to-Month,Bank Transfer,Yes,63.02,2041.16,Yes,No,No,No,No,No,No,No,No,0.0,1180.99,1,0,0,No,0.0,0.0,3.0,-82.0,189,No
CUST-00829,36,Female,Suburban,Married,3,Master,17,Month-to-Month,Electronic,No,113.88,1997.37,Yes,Yes,Fiber,Yes,Yes,No,No,Yes,No,403.46,1281.39,0,0,2,No,203.84,37.83,4.0,66.0,239,Yes
CUST-00830,48,Male,Urban,Divorced,0,Bachelor,38,One Year,Credit Card,Yes,112.0,4320.32,Yes,No,No,No,No,No,No,No,No,0.0,994.94,5,0,0,No,0.0,0.0,4.0,92.0,348,Yes
CUST-00831,28,Female,Urban,Married,0,High School,17,Month-to-Month,Credit Card,No,89.52,1510.31,Yes,Yes,No,No,No,No,No,No,No,0.0,1358.43,4,3,1,No,0.0,0.0,,25.0,126,Yes
CUST-00832,32,Male,Urban,Single,2,Master,37,One Year,Bank Transfer,Yes,121.06,4357.37,Yes,Yes,Fiber,No,No,Yes,No,No,No,358.52,1917.66,0,2,2,Yes,290.75,41.76,4.0,-41.0,290,No
CUST-00833,27,Female,Urban,Divorced,5,PhD,23,Month-to-Month,Electronic,Yes,95.53,2102.83,Yes,No,Fiber,No,No,Yes,Yes,Yes,No,180.98,1218.53,1,0,0,No,248.89,30.01,3.0,60.0,110,No
CUST-00834,60,Female,Urban,Divorced,0,Bachelor,49,Month-to-Month,Credit Card,Yes,57.26,2815.84,Yes,No,Fiber,No,No,Yes,No,No,Yes,176.6,223.57,2,3,0,No,225.2,50.35,2.0,-69.0,42,No
CUST-00835,40,Female,Suburban,Single,2,High School,61,One Year,Electronic,No,115.43,7386.8,Yes,Yes,Fiber,No,Yes,No,No,No,No,378.46,1036.49,3,1,0,Yes,65.06,8.77,3.0,-65.0,300,No
CUST-00836,20,Male,Urban,Single,1,Bachelor,49,One Year,Credit Card,Yes,96.59,4845.48,No,No,DSL,No,No,Yes,No,No,Yes,390.02,0.0,3,1,1,Yes,,4.7,3.0,51.0,133,Yes
CUST-00837,20,Female,Suburban,Married,3,Bachelor,61,Month-to-Month,Bank Transfer,Yes,21.65,1298.12,Yes,No,DSL,Yes,Yes,No,No,Yes,No,7.2,836.07,4,0,1,No,78.04,14.46,3.0,70.0,12,Yes
CUST-00838,35,Female,Urban,Married,2,Bachelor,32,One Year,Bank Transfer,Yes,137.21,4534.51,Yes,Yes,DSL,No,Yes,Yes,No,Yes,No,71.9,1228.37,4,1,1,Yes,30.59,4.4,2.0,98.0,10,No
CUST-00839,42,Female,Urban,Divorced,0,Bachelor,63,Two Year,Electronic,Yes,90.93,5882.92,No,No,DSL,No,Yes,No,Yes,No,No,106.55,0.0,2,0,2,No,66.23,11.41,5.0,98.0,101,No
CUST-00840,60,Female,Suburban,Single,0,PhD,7,One Year,Credit Card,No,132.92,910.13,Yes,No,DSL,No,No,No,No,Yes,Yes,175.8,368.24,1,1,0,No,73.44,11.16,2.0,-55.0,196,No
CUST-00841,37,Male,Suburban,Single,1,Bachelor,22,Month-to-Month,Mailed Check,Yes,134.76,2820.64,Yes,Yes,DSL,Yes,No,No,Yes,Yes,Yes,145.72,1761.89,5,1,1,No,76.7,9.09,4.0,74.0,54,Yes
CUST-00842,46,Female,Suburban,Married,0,Bachelor,6,One Year,Electronic,Yes,77.85,449.24,No,No,Fiber,No,Yes,No,No,Yes,Yes,334.26,0.0,1,1,0,No,104.62,22.19,1.0,96.0,182,Yes
CUST-00843,39,Female,Urban,Married,0,Master,61,One Year,Bank Transfer,No,86.0,5443.67,Yes,Yes,No,No,No,No,No,No,No,0.0,680.36,6,0,1,Yes,0.0,0.0,3.0,-87.0,18,Yes
CUST-00844,67,Male,Suburban,Single,2,Bachelor,14,Month-to-Month,Bank Transfer,Yes,74.05,1071.56,Yes,No,Fiber,Yes,Yes,No,No,Yes,Yes,96.04,835.7,3,1,0,No,61.99,18.18,3.0,72.0,362,Yes
CUST-00845,74,Female,Urban,Married,1,High School,16,Two Year,Bank Transfer,No,78.43,1229.13,Yes,No,No,No,No,No,No,No,No,0.0,1936.31,1,0,1,Yes,0.0,0.0,3.0,79.0,261,No
CUST-00846,32,Female,Urban,Married,2,Bachelor,3,Two Year,Electronic,No,136.37,400.32,Yes,Yes,Fiber,Yes,No,No,No,Yes,No,183.91,260.34,1,1,0,No,205.92,49.22,4.0,17.0,8,No
CUST-00847,56,Female,Suburban,Married,0,Bachelor,9,Two Year,Electronic,No,122.46,1134.41,Yes,No,Fiber,No,Yes,No,No,Yes,No,252.89,1655.65,2,0,0,No,240.79,63.11,4.0,-51.0,147,No
CUST-00848,27,Male,Urban,Single,2,Master,47,Two Year,Mailed Check,Yes,36.45,1788.06,Yes,No,Fiber,Yes,Yes,No,No,No,Yes,310.38,748.96,4,2,1,Yes,52.6,8.2,4.0,-36.0,24,No
CUST-00849,38,Female,Urban,Married,1,Master,42,One Year,Credit Card,No,99.34,4288.74,Yes,Yes,DSL,No,Yes,No,No,No,Yes,446.8,1713.99,1,1,1,Yes,,19.32,4.0,-24.0,305,No
CUST-00850,72,Female,Rural,Married,0,Bachelor,42,One Year,Electronic,Yes,149.47,6343.93,No,No,No,No,No,No,No,No,No,0.0,0.0,1,1,1,No,0.0,0.0,5.0,-37.0,71,No
